track_id,Genotype,had_area_change,change_frame
0,WT,False,
1,WT,False,
2,WT,False,
3,WT,False,
4,WT,True,2.0
5,WT,False,
6,WT,False,
7,WT,True,2.0
8,WT,True,6.0
9,WT,True,0.0
10,WT,False,
11,WT,True,13.0
12,WT,False,
13,WT,False,
14,WT,False,
15,WT,False,
16,WT,True,9.0
17,WT,True,3.0
18,WT,False,
19,WT,True,0.0
20,WT,False,
21,WT,False,
22,WT,False,
23,WT,True,0.0
24,WT,False,
25,WT,False,
26,WT,True,3.0
27,WT,True,2.0
28,WT,False,
29,WT,False,
30,WT,False,
31,WT,True,56.0
32,WT,False,
33,WT,True,5.0
34,WT,False,
35,WT,True,5.0
36,WT,False,
37,WT,False,
38,WT,True,8.0
39,WT,False,
40,WT,True,1.0
41,WT,True,2.0
42,WT,False,
43,WT,False,
44,WT,False,
45,WT,False,
46,WT,False,
47,WT,False,
48,WT,False,
49,WT,False,
50,WT,False,
51,WT,False,
52,WT,True,2.0
53,WT,False,
54,WT,False,
55,WT,False,
56,WT,False,
57,WT,False,
58,WT,False,
59,WT,False,
60,WT,False,
61,WT,False,
62,WT,True,3.0
63,WT,True,1.0
64,WT,False,
65,WT,False,
66,WT,True,1.0
67,WT,False,
68,WT,True,0.0
69,WT,True,2.0
70,WT,False,
71,WT,False,
72,WT,False,
73,WT,False,
74,WT,False,
75,WT,False,
76,WT,True,0.0
77,WT,False,
78,WT,False,
79,WT,False,
80,WT,False,
81,WT,True,10.0
82,WT,False,
83,WT,True,0.0
84,WT,False,
85,WT,False,
86,WT,False,
87,WT,True,2.0
88,WT,False,
89,WT,False,
90,WT,False,
91,WT,False,
92,WT,False,
93,WT,True,9.0
94,WT,False,
95,WT,False,
96,WT,False,
97,WT,False,
98,WT,False,
99,WT,False,
100,WT,True,1.0
101,WT,False,
102,WT,False,
103,WT,False,
104,WT,False,
105,WT,False,
106,WT,False,
107,WT,False,
108,WT,True,2.0
109,WT,False,
110,WT,False,
111,WT,False,
112,WT,False,
113,WT,False,
114,WT,True,7.0
115,WT,False,
116,WT,True,2.0
117,WT,False,
118,WT,False,
119,WT,False,
120,WT,False,
121,WT,False,
122,WT,True,0.0
123,WT,True,0.0
124,WT,False,
125,WT,True,0.0
126,WT,False,
127,WT,False,
128,WT,False,
129,WT,False,
130,WT,False,
131,WT,False,
132,WT,False,
133,WT,False,
134,WT,False,
135,WT,False,
136,WT,True,2.0
137,WT,False,
138,WT,True,2.0
139,WT,False,
140,WT,False,
141,WT,False,
142,WT,False,
143,WT,False,
144,WT,False,
145,WT,False,
146,WT,False,
147,WT,True,1.0
148,WT,False,
149,WT,False,
150,WT,False,
151,WT,False,
152,WT,False,
153,WT,False,
154,WT,False,
155,WT,False,
156,WT,False,
157,WT,True,0.0
158,WT,True,1.0
159,WT,False,
160,WT,False,
161,WT,False,
162,WT,False,
163,WT,True,0.0
164,WT,False,
165,WT,False,
166,WT,False,
167,WT,False,
168,WT,False,
169,WT,False,
170,WT,False,
171,WT,False,
172,WT,False,
173,WT,False,
174,WT,False,
175,WT,False,
176,WT,False,
177,WT,False,
178,WT,False,
179,WT,False,
180,WT,False,
181,WT,False,
182,WT,True,24.0
183,WT,False,
184,WT,True,4.0
185,WT,False,
186,WT,False,
187,WT,False,
188,WT,False,
189,WT,False,
190,WT,False,
191,WT,True,1.0
192,WT,False,
193,WT,False,
194,WT,False,
195,WT,False,
196,WT,False,
197,WT,False,
198,WT,True,8.0
199,WT,True,0.0
200,WT,True,2.0
201,WT,False,
202,WT,False,
203,WT,False,
204,WT,False,
205,WT,False,
206,WT,False,
207,WT,True,0.0
208,WT,False,
209,WT,False,
210,WT,False,
211,WT,False,
212,WT,False,
213,WT,False,
214,WT,True,5.0
215,WT,False,
216,WT,True,3.0
217,WT,False,
218,WT,False,
219,WT,False,
220,WT,False,
221,WT,False,
222,WT,False,
223,WT,False,
224,WT,True,0.0
225,WT,False,
226,WT,False,
227,WT,False,
228,WT,False,
229,WT,False,
230,WT,False,
231,WT,True,6.0
232,WT,False,
233,WT,False,
234,WT,False,
235,WT,False,
236,WT,False,
237,WT,False,
238,WT,True,0.0
239,WT,False,
240,WT,True,6.0
241,WT,False,
242,WT,False,
243,WT,False,
244,WT,False,
245,WT,False,
246,WT,False,
247,WT,True,0.0
248,WT,False,
249,WT,False,
250,WT,False,
251,WT,False,
252,WT,False,
253,WT,False,
254,WT,False,
255,WT,False,
256,WT,False,
257,WT,False,
258,WT,False,
259,WT,False,
260,WT,False,
261,WT,False,
262,WT,False,
263,WT,False,
264,WT,False,
265,WT,True,0.0
266,WT,False,
267,WT,False,
268,WT,False,
269,WT,False,
270,WT,True,4.0
271,WT,False,
272,WT,False,
273,WT,False,
274,WT,False,
275,WT,False,
276,WT,False,
277,WT,False,
278,WT,False,
279,WT,False,
280,WT,False,
281,WT,False,
282,WT,False,
283,WT,False,
284,WT,False,
285,WT,False,
286,WT,True,5.0
287,WT,False,
288,WT,False,
289,WT,False,
290,WT,True,2.0
291,WT,False,
292,WT,False,
293,WT,False,
294,WT,False,
295,WT,False,
296,WT,False,
297,WT,False,
298,WT,True,2.0
299,WT,True,1.0
300,WT,False,
301,WT,False,
302,WT,False,
303,WT,False,
304,WT,False,
305,WT,False,
306,WT,False,
307,WT,False,
308,WT,False,
309,WT,False,
310,WT,False,
311,WT,False,
312,WT,False,
313,WT,True,0.0
314,WT,True,0.0
315,WT,False,
316,WT,False,
317,WT,False,
318,WT,True,0.0
319,WT,False,
320,WT,False,
321,WT,False,
322,WT,False,
323,WT,False,
324,WT,False,
325,WT,False,
326,WT,False,
327,WT,False,
328,WT,False,
329,WT,False,
330,WT,False,
331,WT,False,
332,WT,False,
333,WT,False,
334,WT,False,
335,WT,False,
336,WT,False,
337,WT,False,
338,WT,False,
339,WT,False,
340,WT,False,
341,WT,False,
342,WT,False,
343,WT,False,
344,WT,True,2.0
345,WT,False,
346,WT,False,
347,WT,False,
348,WT,False,
349,WT,False,
350,WT,False,
351,WT,False,
352,WT,False,
353,WT,False,
354,WT,False,
355,WT,True,1.0
356,WT,False,
357,WT,False,
358,WT,False,
359,WT,False,
360,WT,False,
361,WT,False,
362,WT,True,2.0
363,WT,False,
364,WT,False,
365,WT,True,6.0
366,WT,False,
367,WT,True,0.0
368,WT,False,
369,WT,False,
370,WT,False,
371,WT,False,
372,WT,False,
373,WT,False,
374,WT,True,13.0
375,WT,False,
376,WT,True,10.0
377,WT,False,
378,WT,False,
379,WT,False,
380,WT,False,
381,WT,True,2.0
382,WT,False,
383,WT,False,
384,WT,False,
385,WT,False,
386,WT,False,
387,WT,False,
388,WT,False,
389,WT,False,
390,WT,False,
391,WT,False,
392,WT,False,
393,WT,False,
394,WT,False,
395,WT,False,
396,WT,True,9.0
397,WT,False,
398,WT,True,1.0
399,WT,True,0.0
400,WT,True,1.0
401,WT,True,3.0
402,WT,False,
403,WT,False,
404,WT,False,
405,WT,True,2.0
406,WT,False,
407,WT,False,
408,WT,False,
409,WT,False,
410,WT,False,
411,WT,False,
412,WT,False,
413,WT,False,
414,WT,False,
415,WT,False,
416,WT,False,
417,WT,False,
418,WT,False,
419,WT,False,
420,WT,False,
421,WT,False,
422,WT,False,
423,WT,False,
424,WT,True,0.0
425,WT,False,
426,WT,True,3.0
427,WT,False,
428,WT,False,
429,WT,False,
430,WT,True,4.0
431,WT,False,
432,WT,False,
433,WT,True,4.0
434,WT,True,0.0
435,WT,False,
436,WT,False,
437,WT,True,3.0
438,WT,False,
439,WT,False,
440,WT,True,3.0
441,WT,True,6.0
442,WT,False,
443,WT,False,
444,WT,True,4.0
445,WT,False,
446,WT,False,
447,WT,False,
448,WT,True,0.0
449,WT,False,
450,WT,False,
451,WT,True,3.0
452,WT,True,2.0
453,WT,False,
454,WT,False,
455,WT,False,
456,WT,False,
457,WT,True,10.0
458,WT,False,
459,WT,True,4.0
460,WT,True,4.0
461,WT,True,6.0
462,WT,False,
463,WT,False,
464,WT,False,
465,WT,True,6.0
466,WT,True,0.0
467,WT,False,
468,WT,True,5.0
469,WT,False,
470,WT,False,
471,WT,False,
472,WT,False,
473,WT,False,
474,WT,False,
475,WT,False,
476,WT,False,
477,WT,False,
478,WT,False,
479,WT,False,
480,WT,True,0.0
481,WT,False,
482,WT,False,
483,WT,True,2.0
484,WT,False,
485,WT,True,0.0
486,WT,False,
487,WT,False,
488,WT,False,
489,WT,False,
490,WT,False,
491,WT,False,
492,WT,False,
493,WT,False,
494,WT,False,
495,WT,False,
496,WT,False,
497,WT,True,1.0
498,WT,False,
499,WT,True,2.0
500,WT,False,
501,WT,True,4.0
502,WT,False,
503,WT,False,
504,WT,False,
505,WT,False,
506,WT,True,0.0
507,WT,False,
508,WT,True,0.0
509,WT,False,
510,WT,False,
511,WT,True,0.0
512,WT,True,0.0
513,WT,False,
514,WT,True,0.0
515,WT,False,
516,WT,False,
517,WT,False,
518,WT,False,
519,WT,True,0.0
520,WT,False,
521,WT,False,
522,WT,False,
523,WT,False,
524,WT,False,
525,WT,False,
526,WT,False,
527,WT,False,
528,WT,False,
529,WT,False,
530,WT,False,
531,WT,False,
532,WT,False,
533,WT,False,
534,WT,False,
535,WT,False,
536,WT,False,
537,WT,False,
538,WT,False,
539,WT,False,
540,WT,False,
541,WT,False,
542,WT,True,12.0
543,WT,False,
544,WT,False,
545,WT,True,7.0
546,WT,False,
547,WT,False,
548,WT,False,
549,WT,False,
550,WT,False,
551,WT,False,
552,WT,True,6.0
553,WT,True,0.0
554,WT,True,3.0
555,WT,True,8.0
556,WT,False,
557,WT,False,
558,WT,True,34.0
559,WT,False,
560,WT,False,
561,WT,True,8.0
562,WT,True,11.0
563,WT,True,23.0
564,WT,True,0.0
565,WT,False,
566,WT,True,3.0
567,WT,True,2.0
568,WT,False,
569,WT,False,
570,WT,True,0.0
571,WT,False,
572,WT,False,
573,WT,False,
574,WT,False,
575,WT,False,
576,WT,False,
577,WT,False,
578,WT,False,
579,WT,False,
580,WT,False,
581,WT,False,
582,WT,False,
583,WT,False,
584,WT,False,
585,WT,False,
586,WT,False,
587,WT,False,
588,WT,False,
589,WT,True,5.0
590,WT,False,
591,WT,False,
592,WT,False,
593,WT,False,
594,WT,False,
595,WT,False,
596,WT,False,
597,WT,False,
598,WT,True,0.0
599,WT,False,
600,WT,False,
601,WT,False,
602,WT,True,12.0
603,WT,False,
604,WT,True,4.0
605,WT,True,6.0
606,WT,False,
607,WT,False,
608,WT,False,
609,WT,False,
610,WT,False,
611,WT,False,
612,WT,False,
613,WT,False,
614,WT,False,
615,WT,False,
616,WT,False,
617,WT,False,
618,WT,False,
619,WT,False,
620,WT,False,
621,WT,False,
622,WT,False,
623,WT,False,
624,WT,False,
625,WT,False,
626,WT,True,2.0
627,WT,False,
628,WT,False,
629,WT,False,
630,WT,False,
631,WT,False,
632,WT,False,
633,WT,False,
634,WT,False,
635,WT,False,
636,WT,False,
637,WT,False,
638,WT,False,
639,WT,False,
640,WT,False,
641,WT,False,
642,WT,True,3.0
643,WT,False,
644,WT,True,0.0
645,WT,False,
646,WT,True,7.0
647,WT,False,
648,WT,False,
649,WT,False,
650,WT,False,
651,WT,False,
652,WT,False,
653,WT,False,
654,WT,False,
655,WT,False,
656,WT,False,
657,WT,False,
658,WT,False,
659,WT,False,
660,WT,True,3.0
661,WT,False,
662,WT,False,
663,WT,True,2.0
664,WT,False,
665,WT,False,
666,WT,False,
667,WT,False,
668,WT,True,0.0
669,WT,False,
670,WT,False,
671,WT,False,
672,WT,False,
673,WT,False,
674,WT,False,
675,WT,False,
676,WT,False,
677,WT,False,
678,WT,True,4.0
679,WT,False,
680,WT,False,
681,WT,False,
682,WT,False,
683,WT,False,
684,WT,False,
685,WT,False,
686,WT,False,
687,WT,True,0.0
688,WT,True,4.0
689,WT,False,
690,WT,False,
691,WT,False,
692,WT,False,
693,WT,False,
694,WT,True,0.0
695,WT,False,
696,WT,False,
697,WT,True,2.0
698,WT,False,
699,WT,False,
700,WT,True,4.0
701,WT,False,
702,WT,False,
703,WT,True,0.0
704,WT,False,
705,WT,False,
706,WT,False,
707,WT,False,
708,WT,False,
709,WT,True,0.0
710,WT,True,1.0
711,WT,False,
712,WT,False,
713,WT,False,
714,WT,False,
715,WT,False,
716,WT,True,3.0
717,WT,False,
718,WT,False,
719,WT,False,
720,WT,False,
721,WT,False,
722,WT,False,
723,WT,False,
724,WT,False,
725,WT,False,
726,WT,False,
727,WT,False,
728,WT,False,
729,WT,False,
730,WT,True,19.0
731,WT,True,0.0
732,WT,False,
733,WT,False,
734,WT,True,2.0
735,WT,False,
736,WT,False,
737,WT,False,
738,WT,False,
739,WT,False,
740,WT,False,
741,WT,True,1.0
742,WT,True,0.0
743,WT,False,
744,WT,False,
745,WT,False,
746,WT,False,
747,WT,False,
748,WT,False,
749,WT,True,4.0
750,WT,False,
751,WT,False,
752,WT,False,
753,WT,False,
754,WT,False,
755,WT,False,
756,WT,False,
757,WT,False,
758,WT,False,
759,WT,True,0.0
760,WT,False,
761,WT,False,
762,WT,False,
763,WT,False,
764,WT,False,
765,WT,False,
766,WT,False,
767,WT,False,
768,WT,False,
769,WT,False,
770,WT,False,
771,WT,False,
772,WT,False,
773,WT,False,
774,WT,False,
775,WT,True,0.0
776,WT,False,
777,WT,False,
778,WT,False,
779,WT,True,2.0
780,WT,False,
781,WT,True,1.0
782,WT,False,
783,WT,True,0.0
784,WT,False,
785,WT,False,
786,WT,False,
787,WT,True,1.0
788,WT,False,
789,WT,False,
790,WT,False,
791,WT,False,
792,WT,False,
793,WT,False,
794,WT,False,
795,WT,False,
796,WT,False,
797,WT,True,0.0
798,WT,False,
799,WT,False,
800,WT,False,
801,WT,False,
802,WT,True,4.0
803,WT,False,
804,WT,False,
805,WT,False,
806,WT,False,
807,WT,False,
808,WT,False,
809,WT,True,0.0
810,WT,False,
811,WT,True,2.0
812,WT,False,
813,WT,False,
814,WT,False,
815,WT,False,
816,WT,False,
817,WT,False,
818,WT,True,1.0
819,WT,False,
820,WT,False,
821,WT,False,
822,WT,True,5.0
823,WT,False,
824,WT,False,
825,WT,True,1.0
826,WT,False,
827,WT,False,
828,WT,False,
829,WT,False,
830,WT,False,
831,WT,False,
832,WT,False,
833,WT,False,
834,WT,False,
835,WT,False,
836,WT,False,
837,WT,False,
838,WT,False,
839,WT,True,1.0
840,WT,True,1.0
841,WT,False,
842,WT,True,6.0
843,WT,False,
844,WT,False,
845,WT,False,
846,WT,True,4.0
847,WT,False,
848,WT,False,
849,WT,False,
850,WT,False,
851,WT,False,
852,WT,False,
853,WT,False,
854,WT,False,
855,WT,True,7.0
856,WT,False,
857,WT,True,8.0
858,WT,True,0.0
859,WT,False,
860,WT,False,
861,WT,False,
862,WT,False,
863,WT,True,0.0
864,WT,True,1.0
865,WT,False,
866,WT,False,
867,WT,False,
868,WT,False,
869,WT,False,
870,WT,False,
871,WT,True,5.0
872,WT,False,
873,WT,False,
874,WT,True,6.0
875,WT,False,
876,WT,True,3.0
877,WT,False,
878,WT,True,0.0
879,WT,False,
880,WT,False,
881,WT,False,
882,WT,False,
883,WT,False,
884,WT,False,
885,WT,False,
886,WT,True,7.0
887,WT,False,
888,WT,False,
889,WT,False,
890,WT,False,
891,WT,False,
892,WT,False,
893,WT,False,
894,WT,False,
895,WT,False,
896,WT,False,
897,WT,False,
898,WT,True,1.0
899,WT,False,
900,WT,True,0.0
901,WT,False,
902,WT,True,15.0
903,WT,False,
904,WT,False,
905,WT,False,
906,WT,False,
907,WT,True,1.0
908,WT,False,
909,WT,False,
910,WT,False,
911,WT,False,
912,WT,True,1.0
913,WT,False,
914,WT,False,
915,WT,False,
916,WT,False,
917,WT,False,
918,WT,False,
919,WT,True,2.0
920,WT,False,
921,WT,False,
922,WT,True,0.0
923,WT,True,3.0
924,WT,False,
925,WT,False,
926,WT,False,
927,WT,True,6.0
928,WT,False,
929,WT,False,
930,WT,False,
931,WT,True,2.0
932,WT,True,6.0
933,WT,False,
934,WT,False,
935,WT,False,
936,WT,True,2.0
937,WT,False,
938,WT,False,
939,WT,True,6.0
940,WT,False,
941,WT,False,
942,WT,False,
943,WT,True,17.0
944,WT,False,
945,WT,True,4.0
946,WT,False,
947,WT,False,
948,WT,False,
949,WT,False,
950,WT,False,
951,WT,False,
952,WT,False,
953,WT,True,0.0
954,WT,True,0.0
955,WT,False,
956,WT,False,
957,WT,False,
958,WT,False,
959,WT,False,
960,WT,False,
961,WT,False,
962,WT,False,
963,WT,False,
964,WT,False,
965,WT,True,0.0
966,WT,False,
967,WT,False,
968,WT,False,
969,WT,False,
970,WT,True,0.0
971,WT,False,
972,WT,False,
973,WT,False,
974,WT,False,
975,WT,False,
976,WT,True,11.0
977,WT,False,
978,WT,False,
979,WT,False,
980,WT,False,
981,WT,False,
982,WT,False,
983,WT,False,
984,WT,True,5.0
985,WT,True,2.0
986,WT,False,
987,WT,False,
988,WT,False,
989,WT,True,1.0
990,WT,False,
991,WT,True,3.0
992,WT,False,
993,WT,False,
994,WT,False,
995,WT,False,
996,WT,False,
997,WT,False,
998,WT,False,
999,WT,False,
1000,WT,False,
1001,WT,True,1.0
1002,WT,False,
1003,WT,True,0.0
1004,WT,False,
1005,WT,False,
1006,WT,False,
1007,WT,False,
1008,WT,False,
1009,WT,False,
1010,WT,False,
1011,WT,False,
1012,WT,True,2.0
1013,WT,False,
1014,WT,False,
1015,WT,False,
1016,WT,True,5.0
1017,WT,False,
1018,WT,False,
1019,WT,False,
1020,WT,False,
1021,WT,False,
1022,WT,False,
1023,WT,False,
1024,WT,False,
1025,WT,False,
1026,WT,False,
1027,WT,False,
1028,WT,True,7.0
1029,WT,False,
1030,WT,False,
1031,WT,False,
1032,WT,False,
1033,WT,False,
1034,WT,False,
1035,WT,False,
1036,WT,False,
1037,WT,False,
1038,WT,False,
1039,WT,False,
1040,WT,False,
1041,WT,False,
1042,WT,True,27.0
1043,WT,False,
1044,WT,False,
1045,WT,False,
1046,WT,False,
1047,WT,False,
1048,WT,True,0.0
1049,WT,False,
1050,WT,False,
1051,WT,False,
1052,WT,False,
1053,WT,True,4.0
1054,WT,False,
1055,WT,True,7.0
1056,WT,False,
1057,WT,True,2.0
1058,WT,False,
1059,WT,True,4.0
1060,WT,False,
1061,WT,True,4.0
1062,WT,True,0.0
1063,WT,True,5.0
1064,WT,True,19.0
1065,WT,True,0.0
1066,WT,True,7.0
1067,WT,False,
1068,WT,True,22.0
1069,WT,False,
1070,WT,True,2.0
1071,WT,False,
1072,WT,False,
1073,WT,True,3.0
1074,WT,True,1.0
1075,WT,False,
1076,WT,False,
1077,WT,False,
1078,WT,False,
1079,WT,False,
1080,WT,False,
1081,WT,False,
1082,WT,False,
1083,WT,False,
1084,WT,False,
1085,WT,False,
1086,WT,True,2.0
1087,WT,False,
1088,WT,False,
1089,WT,False,
1090,WT,False,
1091,WT,False,
1092,WT,False,
1093,WT,False,
1094,WT,True,0.0
1095,WT,False,
1096,WT,True,0.0
1097,WT,False,
1098,WT,True,1.0
1099,WT,False,
1100,WT,False,
1101,WT,False,
1102,WT,False,
1103,WT,False,
1104,WT,True,5.0
1105,WT,False,
1106,WT,False,
1107,WT,False,
1108,WT,True,10.0
1109,WT,False,
1110,WT,False,
1111,WT,False,
1112,WT,False,
1113,WT,False,
1114,WT,False,
1115,WT,False,
1116,WT,False,
1117,WT,True,16.0
1118,WT,False,
1119,WT,False,
1120,WT,True,6.0
1121,WT,True,9.0
1122,WT,True,4.0
1123,WT,False,
1124,WT,False,
1125,WT,False,
1126,WT,False,
1127,WT,False,
1128,WT,False,
1129,WT,False,
1130,WT,False,
1131,WT,False,
1132,WT,True,1.0
1133,WT,False,
1134,WT,True,3.0
1135,WT,False,
1136,WT,False,
1137,WT,False,
1138,WT,False,
1139,WT,False,
1140,WT,True,0.0
1141,WT,False,
1142,WT,False,
1143,WT,False,
1144,WT,False,
1145,WT,True,2.0
1146,WT,True,2.0
1147,WT,False,
1148,WT,False,
1149,WT,False,
1150,WT,False,
1151,WT,False,
1152,WT,False,
1153,WT,False,
1154,WT,False,
1155,WT,False,
1156,WT,False,
1157,WT,False,
1158,WT,False,
1159,WT,False,
1160,WT,False,
1161,WT,False,
1162,WT,True,6.0
1163,WT,False,
1164,WT,False,
1165,WT,True,3.0
1166,WT,False,
1167,WT,True,28.0
1168,WT,True,2.0
1169,WT,False,
1170,WT,False,
1171,WT,False,
1172,WT,False,
1173,WT,False,
1174,WT,False,
1175,WT,False,
1176,WT,False,
1177,WT,False,
1178,WT,False,
1179,WT,False,
1180,WT,False,
1181,WT,True,9.0
1182,WT,True,2.0
1183,WT,False,
1184,WT,False,
1185,WT,False,
1186,WT,True,0.0
1187,WT,False,
1188,WT,False,
1189,WT,True,12.0
1190,WT,True,0.0
1191,WT,False,
1192,WT,False,
1193,WT,False,
1194,WT,False,
1195,WT,True,0.0
1196,WT,True,9.0
1197,WT,False,
1198,WT,False,
1199,WT,True,3.0
1200,WT,False,
1201,WT,False,
1202,WT,False,
1203,WT,False,
1204,WT,True,7.0
1205,WT,False,
1206,WT,False,
1207,WT,False,
1208,WT,False,
1209,WT,True,2.0
1210,WT,False,
1211,WT,False,
1212,WT,False,
1213,WT,False,
1214,WT,True,39.0
1215,WT,False,
1216,WT,False,
1217,WT,True,4.0
1218,WT,False,
1219,WT,True,9.0
1220,WT,False,
1221,WT,False,
1222,WT,True,34.0
1223,WT,False,
1224,WT,False,
1225,WT,False,
1226,WT,False,
1227,WT,True,0.0
1228,WT,False,
1229,WT,False,
1230,WT,False,
1231,WT,False,
1232,WT,False,
1233,WT,False,
1234,WT,True,0.0
1235,WT,True,4.0
1236,WT,False,
1237,WT,False,
1238,WT,False,
1239,WT,False,
1240,WT,True,2.0
1241,WT,False,
1242,WT,False,
1243,WT,False,
1244,WT,False,
1245,WT,False,
1246,WT,True,1.0
1247,WT,True,0.0
1248,WT,False,
1249,WT,False,
1250,WT,False,
1251,WT,False,
1252,WT,False,
1253,WT,False,
1254,WT,False,
1255,WT,False,
1256,WT,False,
1257,WT,True,2.0
1258,WT,False,
1259,WT,False,
1260,WT,False,
1261,WT,False,
1262,WT,False,
1263,WT,False,
1264,WT,False,
1265,WT,False,
1266,WT,True,5.0
1267,WT,False,
1268,WT,True,0.0
1269,WT,True,3.0
1270,WT,False,
1271,WT,False,
1272,WT,False,
1273,WT,False,
1274,WT,False,
1275,WT,True,3.0
1276,WT,True,1.0
1277,WT,False,
1278,WT,False,
1279,WT,False,
1280,WT,False,
1281,WT,False,
1282,WT,False,
1283,WT,False,
1284,WT,False,
1285,WT,False,
1286,WT,False,
1287,WT,False,
1288,WT,False,
1289,WT,False,
1290,WT,False,
1291,WT,False,
1292,WT,False,
1293,WT,False,
1294,WT,False,
1295,WT,False,
1296,WT,True,4.0
1297,WT,True,4.0
1298,WT,True,2.0
1299,WT,True,0.0
1300,WT,True,3.0
1301,WT,False,
1302,WT,True,2.0
1303,WT,False,
1304,WT,False,
1305,WT,True,20.0
1306,WT,True,2.0
1307,WT,True,10.0
1308,WT,True,2.0
1309,WT,False,
1310,WT,False,
1311,WT,False,
1312,WT,False,
1313,WT,False,
1314,WT,True,14.0
1315,WT,False,
1316,WT,False,
1317,WT,False,
1318,WT,False,
1319,WT,False,
1320,WT,True,0.0
1321,WT,False,
1322,WT,False,
1323,WT,False,
1324,WT,False,
1325,WT,True,2.0
1326,WT,True,0.0
1327,WT,False,
1328,WT,False,
1329,WT,False,
1330,WT,True,4.0
1331,WT,False,
1332,WT,False,
1333,WT,False,
1334,WT,False,
1335,WT,False,
1336,WT,False,
1337,WT,True,0.0
1338,WT,False,
1339,WT,False,
1340,WT,False,
1341,WT,True,0.0
1342,WT,False,
1343,WT,False,
1344,WT,False,
1345,WT,False,
1346,WT,False,
1347,WT,False,
1348,WT,False,
1349,WT,True,0.0
1350,WT,False,
1351,WT,False,
1352,WT,False,
1353,WT,False,
1354,WT,False,
1355,WT,False,
1356,WT,False,
1357,WT,False,
1358,WT,False,
1359,WT,False,
1360,WT,False,
1361,WT,True,2.0
1362,WT,True,0.0
1363,WT,False,
1364,WT,True,2.0
1365,WT,False,
1366,WT,False,
1367,WT,False,
1368,WT,True,0.0
1369,WT,True,1.0
1370,WT,False,
1371,WT,False,
1372,WT,False,
1373,WT,False,
1374,WT,False,
1375,WT,True,0.0
1376,WT,True,0.0
1377,WT,False,
1378,WT,True,0.0
1379,WT,False,
1380,WT,False,
1381,WT,True,0.0
1382,WT,False,
1383,WT,True,0.0
1384,WT,False,
1385,WT,False,
1386,WT,False,
1387,WT,False,
1388,WT,False,
1389,WT,True,6.0
1390,WT,False,
1391,WT,True,0.0
1392,WT,False,
1393,WT,False,
1394,WT,True,3.0
1395,WT,False,
1396,WT,True,10.0
1397,WT,False,
1398,WT,False,
1399,WT,False,
1400,WT,False,
1401,WT,False,
1402,WT,True,1.0
1403,WT,False,
1404,WT,False,
1405,WT,True,5.0
1406,WT,True,2.0
1407,WT,False,
1408,WT,False,
1409,WT,False,
1410,WT,False,
1411,WT,False,
1412,WT,False,
1413,WT,False,
1414,WT,False,
1415,WT,False,
1416,WT,False,
1417,WT,False,
1418,WT,False,
1419,WT,False,
1420,WT,False,
1421,WT,False,
1422,WT,True,1.0
1423,WT,False,
1424,WT,False,
1425,WT,False,
1426,WT,True,2.0
1427,WT,False,
1428,WT,False,
1429,WT,False,
1430,WT,False,
1431,WT,False,
1432,WT,False,
1433,WT,False,
1434,WT,False,
1435,WT,True,2.0
1436,WT,False,
1437,WT,False,
1438,WT,False,
1439,WT,False,
1440,WT,True,26.0
1441,WT,False,
1442,WT,False,
1443,WT,False,
1444,WT,False,
1445,WT,False,
1446,WT,False,
1447,WT,False,
1448,WT,True,1.0
1449,WT,False,
1450,WT,False,
1451,WT,False,
1452,WT,False,
1453,WT,False,
1454,WT,False,
1455,WT,True,0.0
1456,WT,False,
1457,WT,False,
1458,WT,False,
1459,WT,False,
1460,WT,False,
1461,WT,False,
1462,WT,False,
1463,WT,False,
1464,WT,False,
1465,WT,False,
1466,WT,False,
1467,WT,False,
1468,WT,True,6.0
1469,WT,False,
1470,WT,True,3.0
1471,WT,True,1.0
1472,WT,False,
1473,WT,False,
1474,WT,False,
1475,WT,False,
1476,WT,False,
1477,WT,False,
1478,WT,False,
1479,WT,False,
1480,WT,False,
1481,WT,True,2.0
1482,WT,False,
1483,WT,False,
1484,WT,False,
1485,WT,True,8.0
1486,WT,True,9.0
1487,WT,False,
1488,WT,True,2.0
1489,WT,False,
1490,WT,False,
1491,WT,False,
1492,WT,True,0.0
1493,WT,True,2.0
1494,WT,False,
1495,WT,True,8.0
1496,WT,False,
1497,WT,False,
1498,WT,True,1.0
1499,WT,False,
1500,WT,False,
1501,WT,True,0.0
1502,WT,False,
1503,WT,False,
1504,WT,False,
1505,WT,False,
1506,WT,False,
1507,WT,False,
1508,WT,False,
1509,WT,False,
1510,WT,False,
1511,WT,False,
1512,WT,False,
1513,WT,False,
1514,WT,False,
1515,WT,False,
1516,WT,True,5.0
1517,WT,False,
1518,WT,False,
1519,WT,False,
1520,WT,False,
1521,WT,True,5.0
1522,WT,False,
1523,WT,False,
1524,WT,False,
1525,WT,False,
1526,WT,False,
1527,WT,False,
1528,WT,False,
1529,WT,False,
1530,WT,False,
1531,WT,False,
1532,WT,True,5.0
1533,WT,False,
1534,WT,False,
1535,WT,False,
1536,WT,False,
1537,WT,False,
1538,WT,False,
1539,WT,False,
1540,WT,True,0.0
1541,WT,False,
1542,WT,True,0.0
1543,WT,False,
1544,WT,False,
1545,WT,False,
1546,WT,False,
1547,WT,False,
1548,WT,False,
1549,WT,False,
1550,WT,False,
1551,WT,False,
1552,WT,True,1.0
1553,WT,True,0.0
1554,WT,True,1.0
1555,WT,False,
1556,WT,False,
1557,WT,False,
1558,WT,False,
1559,WT,False,
1560,WT,False,
1561,WT,True,1.0
1562,WT,False,
1563,WT,False,
1564,WT,False,
1565,WT,False,
1566,WT,False,
1567,WT,False,
1568,WT,False,
1569,WT,False,
1570,WT,False,
1571,WT,True,0.0
1572,WT,False,
1573,WT,False,
1574,WT,False,
1575,WT,False,
1576,WT,False,
1577,WT,False,
1578,WT,False,
1579,WT,False,
1580,WT,False,
1581,WT,False,
1582,WT,False,
1583,WT,False,
1584,WT,False,
1585,WT,False,
1586,WT,False,
1587,WT,False,
1588,WT,False,
1589,WT,False,
1590,WT,False,
1591,WT,False,
1592,WT,False,
1593,WT,True,0.0
1594,WT,True,1.0
1595,WT,False,
1596,WT,True,2.0
1597,WT,False,
1598,WT,False,
1599,WT,False,
1600,WT,True,0.0
1601,WT,True,2.0
1602,WT,True,0.0
1603,WT,False,
1604,WT,True,1.0
1605,WT,True,0.0
1606,WT,False,
1607,WT,True,2.0
1608,WT,True,11.0
1609,WT,False,
1610,WT,False,
1611,WT,False,
1612,WT,True,8.0
1613,WT,False,
1614,WT,False,
1615,WT,False,
1616,WT,False,
1617,WT,False,
1618,WT,False,
1619,WT,False,
1620,WT,False,
1621,WT,False,
1622,WT,False,
1623,WT,True,1.0
1624,WT,False,
1625,WT,False,
1626,WT,False,
1627,WT,False,
1628,WT,False,
1629,WT,True,2.0
1630,WT,False,
1631,WT,False,
1632,WT,False,
1633,WT,False,
1634,WT,True,1.0
1635,WT,True,1.0
1636,WT,True,2.0
1637,WT,True,1.0
1638,WT,False,
1639,WT,False,
1640,WT,False,
1641,WT,False,
1642,WT,False,
1643,WT,False,
1644,WT,False,
1645,WT,False,
1646,WT,False,
1647,WT,True,0.0
1648,WT,False,
1649,WT,False,
1650,WT,False,
1651,WT,True,3.0
1652,WT,False,
1653,WT,False,
1654,WT,True,0.0
1655,WT,False,
1656,WT,False,
1657,WT,False,
1658,WT,False,
1659,WT,False,
1660,WT,False,
1661,WT,False,
1662,WT,False,
1663,WT,True,21.0
1664,WT,True,4.0
1665,WT,False,
1666,WT,False,
1667,WT,False,
1668,WT,True,1.0
1669,WT,True,2.0
1670,WT,False,
1671,WT,False,
1672,WT,False,
1673,WT,False,
1674,WT,False,
1675,WT,False,
1676,WT,True,3.0
1677,WT,False,
1678,WT,False,
1679,WT,False,
1680,WT,True,2.0
1681,WT,True,5.0
1682,WT,True,0.0
1683,WT,False,
1684,WT,True,1.0
1685,WT,False,
1686,WT,False,
1687,WT,True,0.0
1688,WT,False,
1689,WT,True,0.0
1690,WT,False,
1691,WT,False,
1692,WT,False,
1693,WT,False,
1694,WT,False,
1695,WT,False,
1696,WT,False,
1697,WT,False,
1698,WT,False,
1699,WT,False,
1700,WT,True,0.0
1701,WT,False,
1702,WT,False,
1703,WT,False,
1704,WT,True,3.0
1705,WT,False,
1706,WT,False,
1707,WT,False,
1708,WT,True,1.0
1709,WT,False,
1710,WT,False,
1711,WT,True,8.0
1712,WT,False,
1713,WT,False,
1714,WT,False,
1715,WT,False,
1716,WT,False,
1717,WT,False,
1718,WT,False,
1719,WT,True,4.0
1720,WT,True,27.0
1721,WT,False,
1722,WT,False,
1723,WT,False,
1724,WT,False,
1725,WT,False,
1726,WT,False,
1727,WT,True,2.0
1728,WT,True,0.0
1729,WT,False,
1730,WT,False,
1731,WT,False,
1732,WT,True,0.0
1733,WT,False,
1734,WT,False,
1735,WT,False,
1736,WT,False,
1737,WT,True,0.0
1738,WT,True,2.0
1739,WT,False,
1740,WT,False,
1741,WT,False,
1742,WT,False,
1743,WT,False,
1744,WT,True,5.0
1745,WT,False,
1746,WT,False,
1747,WT,False,
1748,WT,False,
1749,WT,True,0.0
1750,WT,False,
1751,WT,False,
1752,WT,True,4.0
1753,WT,False,
1754,WT,True,4.0
1755,WT,False,
1756,WT,False,
1757,WT,False,
1758,WT,True,8.0
1759,WT,False,
1760,WT,False,
1761,WT,False,
1762,WT,False,
1763,WT,False,
1764,WT,True,3.0
1765,WT,False,
1766,WT,False,
1767,WT,False,
1768,WT,False,
1769,WT,False,
1770,WT,False,
1771,WT,False,
1772,WT,False,
1773,WT,False,
1774,WT,False,
1775,WT,False,
1776,WT,False,
1777,WT,False,
1778,WT,True,16.0
1779,WT,False,
1780,WT,False,
1781,WT,False,
1782,WT,True,1.0
1783,WT,False,
1784,WT,False,
1785,WT,False,
1786,WT,False,
1787,WT,True,6.0
1788,WT,False,
1789,WT,False,
1790,WT,False,
1791,WT,False,
1792,WT,True,0.0
1793,WT,False,
1794,WT,False,
1795,WT,False,
1796,WT,True,5.0
1797,WT,False,
1798,WT,False,
1799,WT,False,
1800,WT,False,
1801,WT,False,
1802,WT,False,
1803,WT,False,
1804,WT,False,
1805,WT,False,
1806,WT,True,0.0
1807,WT,True,0.0
1808,WT,False,
1809,WT,False,
1810,WT,False,
1811,WT,False,
1812,WT,False,
1813,WT,False,
1814,WT,True,0.0
1815,WT,False,
1816,WT,False,
1817,WT,False,
1818,WT,False,
1819,WT,False,
1820,WT,True,1.0
1821,WT,False,
1822,WT,False,
1823,WT,False,
1824,WT,False,
1825,WT,False,
1826,WT,False,
1827,WT,False,
1828,WT,False,
1829,WT,False,
1830,WT,False,
1831,WT,False,
1832,WT,False,
1833,WT,False,
1834,WT,False,
1835,WT,False,
1836,WT,False,
1837,WT,True,0.0
1838,WT,True,0.0
1839,WT,False,
1840,WT,True,0.0
1841,WT,False,
1842,WT,False,
1843,WT,False,
1844,WT,True,0.0
1845,WT,False,
1846,WT,True,1.0
1847,WT,True,5.0
1848,WT,False,
1849,WT,True,4.0
1850,WT,False,
1851,WT,True,0.0
1852,WT,True,4.0
1853,WT,True,8.0
1854,WT,True,1.0
1855,WT,False,
1856,WT,False,
1857,WT,True,4.0
1858,WT,True,0.0
1859,WT,False,
1860,WT,False,
1861,WT,True,11.0
1862,WT,False,
1863,WT,False,
1864,WT,False,
1865,WT,False,
1866,WT,True,0.0
1867,WT,False,
1868,WT,False,
1869,WT,False,
1870,WT,True,2.0
1871,WT,False,
1872,WT,False,
1873,WT,False,
1874,WT,False,
1875,WT,False,
1876,WT,False,
1877,WT,True,4.0
1878,WT,False,
1879,WT,False,
1880,WT,False,
1881,WT,False,
1882,WT,False,
1883,WT,False,
1884,WT,True,2.0
1885,WT,False,
1886,WT,False,
1887,WT,True,0.0
1888,WT,False,
1889,WT,False,
1890,WT,False,
1891,WT,False,
1892,WT,False,
1893,WT,False,
1894,WT,False,
1895,WT,False,
1896,WT,True,2.0
1897,WT,False,
1898,WT,True,4.0
1899,WT,False,
1900,WT,False,
1901,WT,False,
1902,WT,False,
1903,WT,False,
1904,WT,False,
1905,WT,False,
1906,WT,False,
1907,WT,True,13.0
1908,WT,False,
1909,WT,False,
1910,WT,False,
1911,WT,False,
1912,WT,False,
1913,WT,True,12.0
1914,WT,False,
1915,WT,True,5.0
1916,WT,False,
1917,WT,False,
1918,WT,False,
1919,WT,False,
1920,WT,True,6.0
1921,WT,True,0.0
1922,WT,False,
1923,WT,False,
1924,WT,False,
1925,WT,True,5.0
1926,WT,True,3.0
1927,WT,False,
1928,WT,False,
1929,WT,False,
1930,WT,False,
1931,WT,False,
1932,WT,True,3.0
1933,WT,True,0.0
1934,WT,False,
1935,WT,False,
1936,WT,True,0.0
1937,WT,False,
1938,WT,True,19.0
1939,WT,False,
1940,WT,True,0.0
1941,WT,False,
1942,WT,False,
1943,WT,False,
1944,WT,False,
1945,WT,False,
1946,WT,False,
1947,WT,False,
1948,WT,False,
1949,WT,False,
1950,WT,True,0.0
1951,WT,True,0.0
1952,WT,False,
1953,WT,False,
1954,WT,True,0.0
1955,WT,True,2.0
1956,WT,False,
1957,WT,False,
1958,WT,False,
1959,WT,True,3.0
1960,WT,True,6.0
1961,WT,False,
1962,WT,False,
1963,WT,False,
1964,WT,False,
1965,WT,True,1.0
1966,WT,False,
1967,WT,False,
1968,WT,True,2.0
1969,WT,False,
1970,WT,True,0.0
1971,WT,False,
1972,WT,True,0.0
1973,WT,False,
1974,WT,False,
1975,WT,False,
1976,WT,False,
1977,WT,False,
1978,WT,False,
1979,WT,False,
1980,WT,False,
1981,WT,True,0.0
1982,WT,True,1.0
1983,WT,False,
1984,WT,False,
1985,WT,False,
1986,WT,False,
1987,WT,False,
1988,WT,True,4.0
1989,WT,False,
1990,WT,False,
1991,WT,False,
1992,WT,False,
1993,WT,False,
1994,WT,False,
1995,WT,False,
1996,WT,False,
1997,WT,True,0.0
1998,WT,False,
1999,WT,False,
2000,WT,True,5.0
2001,WT,False,
2002,WT,False,
2003,WT,False,
2004,WT,True,0.0
2005,WT,True,2.0
2006,WT,False,
2007,WT,False,
2008,WT,False,
2009,WT,True,6.0
2010,WT,False,
2011,WT,False,
2012,WT,False,
2013,WT,False,
2014,WT,False,
2015,WT,False,
2016,WT,False,
2017,WT,False,
2018,WT,False,
2019,WT,False,
2020,WT,False,
2021,WT,False,
2022,WT,False,
2023,WT,False,
2024,WT,False,
2025,WT,False,
2026,WT,False,
2027,WT,False,
2028,WT,False,
2029,WT,False,
2030,WT,False,
2031,WT,False,
2032,WT,False,
2033,WT,False,
2034,WT,False,
2035,WT,False,
2036,WT,False,
2037,WT,False,
2038,WT,False,
2039,WT,False,
2040,WT,False,
2041,WT,False,
2042,WT,False,
2043,WT,False,
2044,WT,True,6.0
2045,WT,False,
2046,WT,False,
2047,WT,False,
2048,WT,True,0.0
2049,WT,True,0.0
2050,WT,True,4.0
2051,WT,True,0.0
2052,WT,False,
2053,WT,True,0.0
2054,WT,True,6.0
2055,WT,True,3.0
2056,WT,True,0.0
2057,WT,True,1.0
2058,WT,True,0.0
2059,WT,True,0.0
2060,WT,True,1.0
2061,WT,False,
2062,WT,False,
2063,WT,False,
2064,WT,False,
2065,WT,False,
2066,WT,False,
2067,WT,False,
2068,WT,False,
2069,WT,False,
2070,WT,False,
2071,WT,False,
2072,WT,True,3.0
2073,WT,False,
2074,WT,False,
2075,WT,False,
2076,WT,False,
2077,WT,False,
2078,WT,False,
2079,WT,False,
2080,WT,True,3.0
2081,WT,False,
2082,WT,False,
2083,WT,True,0.0
2084,WT,False,
2085,WT,False,
2086,WT,False,
2087,WT,True,0.0
2088,WT,False,
2089,WT,True,3.0
2090,WT,False,
2091,WT,False,
2092,WT,True,2.0
2093,WT,True,2.0
2094,WT,False,
2095,WT,False,
2096,WT,False,
2097,WT,False,
2098,WT,False,
2099,WT,False,
2100,WT,False,
2101,WT,False,
2102,WT,False,
2103,WT,False,
2104,WT,False,
2105,WT,False,
2106,WT,False,
2107,WT,False,
2108,WT,False,
2109,WT,False,
2110,WT,False,
2111,WT,False,
2112,WT,False,
2113,WT,False,
2114,WT,False,
2115,WT,False,
2116,WT,False,
2117,WT,False,
2118,WT,False,
2119,WT,False,
2120,WT,True,1.0
2121,WT,False,
2122,WT,False,
2123,WT,True,3.0
2124,WT,True,0.0
2125,WT,False,
2126,WT,False,
2127,WT,True,35.0
2128,WT,False,
2129,WT,False,
2130,WT,False,
2131,WT,True,8.0
2132,WT,True,0.0
2133,WT,True,6.0
2134,WT,False,
2135,WT,True,0.0
2136,WT,False,
2137,WT,True,44.0
2138,WT,False,
2139,WT,True,10.0
2140,WT,True,0.0
2141,WT,False,
2142,WT,True,0.0
2143,WT,False,
2144,WT,True,1.0
2145,WT,True,6.0
2146,WT,False,
2147,WT,True,0.0
2148,WT,False,
2149,WT,False,
2150,WT,False,
2151,WT,False,
2152,WT,True,4.0
2153,WT,True,0.0
2154,WT,False,
2155,WT,True,2.0
2156,WT,False,
2157,WT,False,
2158,WT,False,
2159,WT,False,
2160,WT,True,0.0
2161,WT,True,0.0
2162,WT,False,
2163,WT,False,
2164,WT,False,
2165,WT,False,
2166,WT,False,
2167,WT,False,
2168,WT,True,1.0
2169,WT,False,
2170,WT,False,
2171,WT,False,
2172,WT,False,
2173,WT,False,
2174,WT,True,0.0
2175,WT,False,
2176,WT,False,
2177,WT,True,3.0
2178,WT,False,
2179,WT,False,
2180,WT,False,
2181,WT,False,
2182,WT,False,
2183,WT,False,
2184,WT,False,
2185,WT,False,
2186,WT,False,
2187,WT,False,
2188,WT,True,0.0
2189,WT,False,
2190,WT,False,
2191,WT,False,
2192,WT,False,
2193,WT,True,1.0
2194,WT,True,0.0
2195,WT,True,1.0
2196,WT,False,
2197,WT,True,14.0
2198,WT,True,2.0
2199,WT,False,
2200,WT,True,1.0
2201,WT,False,
2202,WT,False,
2203,WT,False,
2204,WT,True,2.0
2205,WT,True,4.0
2206,WT,True,0.0
2207,WT,False,
2208,WT,False,
2209,WT,False,
2210,WT,False,
2211,WT,False,
2212,WT,True,0.0
2213,WT,False,
2214,WT,False,
2215,WT,False,
2216,WT,True,1.0
2217,WT,True,1.0
2218,WT,False,
2219,WT,False,
2220,WT,True,2.0
2221,WT,False,
2222,WT,True,9.0
2223,WT,True,12.0
2224,WT,False,
2225,WT,False,
2226,WT,False,
2227,WT,False,
2228,WT,False,
2229,WT,False,
2230,WT,False,
2231,WT,False,
2232,WT,True,2.0
2233,WT,False,
2234,WT,False,
2235,WT,False,
2236,WT,False,
2237,WT,False,
2238,WT,False,
2239,WT,False,
2240,WT,True,0.0
2241,WT,True,1.0
2242,WT,False,
2243,WT,False,
2244,WT,True,0.0
2245,WT,False,
2246,WT,False,
2247,WT,False,
2248,WT,True,0.0
2249,WT,True,0.0
2250,WT,False,
2251,WT,True,5.0
2252,WT,False,
2253,WT,False,
2254,WT,False,
2255,WT,False,
2256,WT,False,
2257,WT,True,2.0
2258,WT,False,
2259,WT,False,
2260,WT,True,4.0
2261,WT,False,
2262,WT,True,0.0
2263,WT,True,1.0
2264,WT,False,
2265,WT,False,
2266,WT,True,5.0
2267,WT,True,5.0
2268,WT,False,
2269,WT,True,0.0
2270,WT,True,0.0
2271,WT,False,
2272,WT,False,
2273,WT,False,
2274,WT,False,
2275,WT,True,4.0
2276,WT,False,
2277,WT,False,
2278,WT,False,
2279,WT,True,0.0
2280,WT,False,
2281,WT,True,5.0
2282,WT,False,
2283,WT,False,
2284,WT,False,
2285,WT,False,
2286,WT,False,
2287,WT,True,6.0
2288,WT,True,2.0
2289,WT,False,
2290,WT,False,
2291,WT,True,0.0
2292,WT,False,
2293,WT,False,
2294,WT,False,
2295,WT,False,
2296,WT,False,
2297,WT,False,
2298,WT,False,
2299,WT,False,
2300,WT,False,
2301,WT,True,3.0
2302,WT,False,
2303,WT,False,
2304,WT,False,
2305,WT,False,
2306,WT,False,
2307,WT,True,0.0
2308,WT,False,
2309,WT,False,
2310,WT,True,3.0
2311,WT,False,
2312,WT,False,
2313,WT,False,
2314,WT,False,
2315,WT,False,
2316,WT,False,
2317,WT,False,
2318,WT,False,
2319,WT,False,
2320,WT,False,
2321,WT,False,
2322,WT,False,
2323,WT,False,
2324,WT,False,
2325,WT,False,
2326,WT,False,
2327,WT,False,
2328,WT,False,
2329,WT,False,
2330,WT,False,
2331,WT,False,
2332,WT,False,
2333,WT,False,
2334,WT,False,
2335,WT,False,
2336,WT,False,
2337,WT,False,
2338,WT,True,0.0
2339,WT,False,
2340,WT,False,
2341,WT,False,
2342,WT,False,
2343,WT,False,
2344,WT,False,
2345,WT,False,
2346,WT,False,
2347,WT,False,
2348,WT,False,
2349,WT,False,
2350,WT,False,
2351,WT,False,
2352,WT,False,
2353,WT,False,
2354,WT,False,
2355,WT,False,
2356,WT,False,
2357,WT,False,
2358,WT,False,
2359,WT,False,
2360,WT,False,
2361,WT,False,
2362,WT,False,
2363,WT,False,
2364,WT,True,0.0
2365,WT,False,
2366,WT,True,1.0
2367,WT,False,
2368,WT,False,
2369,WT,False,
2370,WT,False,
2371,WT,True,1.0
2372,WT,False,
2373,WT,False,
2374,WT,False,
2375,WT,False,
2376,WT,False,
2377,WT,True,23.0
2378,WT,False,
2379,WT,True,4.0
2380,WT,True,7.0
2381,WT,True,3.0
2382,WT,True,0.0
2383,WT,True,1.0
2384,WT,False,
2385,WT,True,0.0
2386,WT,True,10.0
2387,WT,False,
2388,WT,False,
2389,WT,True,4.0
2390,WT,True,19.0
2391,WT,True,24.0
2392,WT,False,
2393,WT,True,0.0
2394,WT,False,
2395,WT,False,
2396,WT,False,
2397,WT,True,4.0
2398,WT,True,0.0
2399,WT,False,
2400,WT,False,
2401,WT,True,0.0
2402,WT,True,0.0
2403,WT,True,0.0
2404,WT,False,
2405,WT,False,
2406,WT,False,
2407,WT,False,
2408,WT,False,
2409,WT,False,
2410,WT,False,
2411,WT,False,
2412,WT,False,
2413,WT,False,
2414,WT,False,
2415,WT,False,
2416,WT,True,3.0
2417,WT,False,
2418,WT,False,
2419,WT,False,
2420,WT,False,
2421,WT,False,
2422,WT,False,
2423,WT,False,
2424,WT,False,
2425,WT,False,
2426,WT,True,2.0
2427,WT,True,2.0
2428,WT,True,0.0
2429,WT,False,
2430,WT,False,
2431,WT,False,
2432,WT,False,
2433,WT,True,0.0
2434,WT,False,
2435,WT,True,0.0
2436,WT,False,
2437,WT,True,1.0
2438,WT,True,4.0
2439,WT,True,5.0
2440,WT,False,
2441,WT,False,
2442,WT,False,
2443,WT,False,
2444,WT,False,
2445,WT,True,2.0
2446,WT,False,
2447,WT,False,
2448,WT,False,
2449,WT,True,7.0
2450,WT,False,
2451,WT,True,3.0
2452,WT,False,
2453,WT,False,
2454,WT,False,
2455,WT,True,0.0
2456,WT,False,
2457,WT,True,0.0
2458,WT,True,0.0
2459,WT,True,0.0
2460,WT,False,
2461,WT,False,
2462,WT,False,
2463,WT,True,2.0
2464,WT,True,0.0
2465,WT,False,
2466,WT,False,
2467,WT,False,
2468,WT,False,
2469,WT,True,7.0
2470,WT,True,0.0
2471,WT,False,
2472,WT,False,
2473,WT,False,
2474,WT,True,0.0
2475,WT,False,
2476,WT,False,
2477,WT,False,
2478,WT,False,
2479,WT,False,
2480,WT,False,
2481,WT,False,
2482,WT,False,
2483,WT,False,
2484,WT,False,
2485,WT,False,
2486,WT,False,
2487,WT,True,12.0
2488,WT,False,
2489,WT,True,0.0
2490,WT,False,
2491,WT,True,20.0
2492,WT,True,0.0
2493,WT,True,3.0
2494,WT,False,
2495,WT,False,
2496,WT,True,3.0
2497,WT,False,
2498,WT,True,4.0
2499,WT,True,5.0
2500,WT,False,
2501,WT,False,
2502,WT,True,6.0
2503,WT,True,6.0
2504,WT,False,
2505,WT,True,2.0
2506,WT,True,2.0
2507,WT,True,9.0
2508,WT,False,
2509,WT,False,
2510,WT,True,7.0
2511,WT,False,
2512,WT,True,11.0
2513,WT,True,5.0
2514,WT,True,29.0
2515,WT,False,
2516,WT,True,5.0
2517,WT,True,1.0
2518,WT,False,
2519,WT,True,4.0
2520,WT,True,0.0
2521,WT,True,1.0
2522,WT,False,
2523,WT,False,
2524,WT,True,1.0
2525,WT,True,0.0
2526,WT,True,2.0
2527,WT,False,
2528,WT,False,
2529,WT,False,
2530,WT,False,
2531,WT,False,
2532,WT,False,
2533,WT,False,
2534,WT,False,
2535,WT,False,
2536,WT,False,
2537,WT,False,
2538,WT,False,
2539,WT,True,0.0
2540,WT,False,
2541,WT,False,
2542,WT,True,0.0
2543,WT,False,
2544,WT,False,
2545,WT,True,3.0
2546,WT,True,0.0
2547,WT,False,
2548,WT,False,
2549,WT,False,
2550,WT,False,
2551,WT,True,1.0
2552,WT,True,0.0
2553,WT,False,
2554,WT,False,
2555,WT,True,4.0
2556,WT,True,1.0
2557,WT,True,2.0
2558,WT,False,
2559,WT,False,
2560,WT,False,
2561,WT,False,
2562,WT,False,
2563,WT,True,10.0
2564,WT,False,
2565,WT,False,
2566,WT,False,
2567,WT,False,
2568,WT,False,
2569,WT,False,
2570,WT,False,
2571,WT,False,
2572,WT,False,
2573,WT,True,1.0
2574,WT,False,
2575,WT,False,
2576,WT,True,0.0
2577,WT,False,
2578,WT,False,
2579,WT,True,1.0
2580,WT,False,
2581,WT,False,
2582,WT,False,
2583,WT,False,
2584,WT,False,
2585,WT,False,
2586,WT,False,
2587,WT,False,
2588,WT,False,
2589,WT,False,
2590,WT,False,
2591,WT,False,
2592,WT,False,
2593,WT,False,
2594,WT,False,
2595,WT,False,
2596,WT,True,1.0
2597,WT,True,10.0
2598,WT,False,
2599,WT,True,0.0
2600,WT,True,1.0
2601,WT,False,
2602,WT,False,
2603,WT,False,
2604,WT,False,
2605,WT,False,
2606,WT,False,
2607,WT,False,
2608,WT,True,2.0
2609,WT,False,
2610,WT,False,
2611,WT,True,0.0
2612,WT,False,
2613,WT,False,
2614,WT,False,
2615,WT,False,
2616,WT,False,
2617,WT,True,2.0
2618,WT,False,
2619,WT,True,0.0
2620,WT,False,
2621,WT,False,
2622,WT,False,
2623,WT,False,
2624,WT,False,
2625,WT,False,
2626,WT,False,
2627,WT,False,
2628,WT,False,
2629,WT,False,
2630,WT,False,
2631,WT,False,
2632,WT,False,
2633,WT,False,
2634,WT,False,
2635,WT,False,
2636,WT,False,
2637,WT,False,
2638,WT,False,
2639,WT,False,
2640,WT,False,
2641,WT,False,
2642,WT,False,
2643,WT,False,
2644,WT,False,
2645,WT,False,
2646,WT,False,
2647,WT,False,
2648,WT,False,
2649,WT,False,
2650,WT,False,
2651,WT,False,
2652,WT,False,
2653,WT,False,
2654,WT,False,
2655,WT,False,
2656,WT,False,
2657,WT,False,
2658,WT,False,
2659,WT,False,
2660,WT,False,
2661,WT,False,
2662,WT,False,
2663,WT,False,
2664,WT,True,0.0
2665,WT,True,0.0
2666,WT,False,
2667,WT,False,
2668,WT,False,
2669,WT,True,0.0
2670,WT,False,
2671,WT,False,
2672,WT,False,
2673,WT,False,
2674,WT,False,
2675,WT,False,
2676,WT,False,
2677,WT,False,
2678,WT,False,
2679,WT,False,
2680,WT,True,0.0
2681,WT,True,1.0
2682,WT,True,2.0
2683,WT,True,0.0
2684,WT,False,
2685,WT,True,0.0
2686,WT,False,
2687,WT,True,2.0
2688,WT,False,
2689,WT,True,1.0
2690,WT,True,5.0
2691,WT,True,2.0
2692,WT,False,
2693,WT,True,1.0
2694,WT,True,0.0
2695,WT,False,
2696,WT,False,
2697,WT,True,0.0
2698,WT,False,
2699,WT,False,
2700,WT,False,
2701,WT,False,
2702,WT,False,
2703,WT,False,
2704,WT,False,
2705,WT,False,
2706,WT,False,
2707,WT,False,
2708,WT,False,
2709,WT,False,
2710,WT,False,
2711,WT,False,
2712,WT,False,
2713,WT,False,
2714,WT,False,
2715,WT,False,
2716,WT,False,
2717,WT,False,
2718,WT,False,
2719,WT,False,
2720,WT,True,5.0
2721,WT,True,7.0
2722,WT,False,
2723,WT,False,
2724,WT,False,
2725,WT,False,
2726,WT,False,
2727,WT,False,
2728,WT,False,
2729,WT,False,
2730,WT,False,
2731,WT,False,
2732,WT,False,
2733,WT,False,
2734,WT,False,
2735,WT,True,0.0
2736,WT,False,
2737,WT,False,
2738,WT,True,0.0
2739,WT,True,6.0
2740,WT,False,
2741,WT,False,
2742,WT,True,15.0
2743,WT,True,3.0
2744,WT,False,
2745,WT,True,1.0
2746,WT,False,
2747,WT,False,
2748,WT,False,
2749,WT,False,
2750,WT,False,
2751,WT,True,2.0
2752,WT,True,0.0
2753,WT,False,
2754,WT,False,
2755,WT,False,
2756,WT,False,
2757,WT,False,
2758,WT,False,
2759,WT,False,
2760,WT,False,
2761,WT,False,
2762,WT,False,
2763,WT,False,
2764,WT,False,
2765,WT,False,
2766,WT,False,
2767,WT,False,
2768,WT,False,
2769,WT,False,
2770,WT,True,4.0
2771,WT,False,
2772,WT,True,3.0
2773,WT,True,2.0
2774,WT,False,
2775,WT,False,
2776,WT,False,
2777,WT,True,3.0
2778,WT,False,
2779,WT,False,
2780,WT,True,13.0
2781,WT,True,0.0
2782,WT,True,5.0
2783,WT,True,0.0
2784,WT,False,
2785,WT,True,1.0
2786,WT,False,
2787,WT,False,
2788,WT,True,2.0
2789,WT,True,2.0
2790,WT,False,
2791,WT,True,1.0
2792,WT,False,
2793,WT,True,5.0
2794,WT,False,
2795,WT,False,
2796,WT,False,
2797,WT,True,2.0
2798,WT,False,
2799,WT,False,
2800,WT,True,0.0
2801,WT,False,
2802,WT,False,
2803,WT,False,
2804,WT,False,
2805,WT,False,
2806,WT,False,
2807,WT,False,
2808,WT,False,
2809,WT,False,
2810,WT,False,
2811,WT,False,
2812,WT,False,
2813,WT,False,
2814,WT,False,
2815,MUT,True,4.0
2816,MUT,False,
2817,MUT,True,3.0
2818,MUT,True,2.0
2819,MUT,True,2.0
2820,MUT,False,
2821,MUT,False,
2822,MUT,False,
2823,MUT,False,
2824,MUT,True,8.0
2825,MUT,False,
2826,MUT,False,
2827,MUT,False,
2828,MUT,False,
2829,MUT,False,
2830,MUT,True,4.0
2831,MUT,True,9.0
2832,MUT,False,
2833,MUT,True,3.0
2834,MUT,False,
2835,MUT,False,
2836,MUT,False,
2837,MUT,False,
2838,MUT,False,
2839,MUT,True,1.0
2840,MUT,False,
2841,MUT,False,
2842,MUT,False,
2843,MUT,False,
2844,MUT,False,
2845,MUT,False,
2846,MUT,True,2.0
2847,MUT,True,2.0
2848,MUT,False,
2849,MUT,False,
2850,MUT,False,
2851,MUT,True,1.0
2852,MUT,False,
2853,MUT,True,2.0
2854,MUT,False,
2855,MUT,False,
2856,MUT,False,
2857,MUT,False,
2858,MUT,False,
2859,MUT,False,
2860,MUT,False,
2861,MUT,False,
2862,MUT,False,
2863,MUT,False,
2864,MUT,False,
2865,MUT,True,0.0
2866,MUT,False,
2867,MUT,True,0.0
2868,MUT,True,0.0
2869,MUT,False,
2870,MUT,True,0.0
2871,MUT,False,
2872,MUT,False,
2873,MUT,True,0.0
2874,MUT,False,
2875,MUT,False,
2876,MUT,False,
2877,MUT,True,11.0
2878,MUT,False,
2879,MUT,False,
2880,MUT,False,
2881,MUT,False,
2882,MUT,True,0.0
2883,MUT,False,
2884,MUT,False,
2885,MUT,False,
2886,MUT,True,1.0
2887,MUT,False,
2888,MUT,False,
2889,MUT,False,
2890,MUT,False,
2891,MUT,True,10.0
2892,MUT,False,
2893,MUT,False,
2894,MUT,False,
2895,MUT,True,1.0
2896,MUT,True,4.0
2897,MUT,False,
2898,MUT,True,10.0
2899,MUT,False,
2900,MUT,False,
2901,MUT,False,
2902,MUT,False,
2903,MUT,False,
2904,MUT,False,
2905,MUT,False,
2906,MUT,False,
2907,MUT,True,0.0
2908,MUT,False,
2909,MUT,False,
2910,MUT,False,
2911,MUT,True,0.0
2912,MUT,True,0.0
2913,MUT,True,0.0
2914,MUT,False,
2915,MUT,True,0.0
2916,MUT,True,2.0
2917,MUT,False,
2918,MUT,False,
2919,MUT,True,1.0
2920,MUT,True,1.0
2921,MUT,False,
2922,MUT,True,4.0
2923,MUT,False,
2924,MUT,False,
2925,MUT,True,0.0
2926,MUT,False,
2927,MUT,False,
2928,MUT,False,
2929,MUT,False,
2930,MUT,True,0.0
2931,MUT,True,6.0
2932,MUT,True,2.0
2933,MUT,True,0.0
2934,MUT,True,0.0
2935,MUT,True,0.0
2936,MUT,False,
2937,MUT,True,2.0
2938,MUT,False,
2939,MUT,False,
2940,MUT,True,0.0
2941,MUT,True,0.0
2942,MUT,True,3.0
2943,MUT,False,
2944,MUT,False,
2945,MUT,False,
2946,MUT,True,0.0
2947,MUT,False,
2948,MUT,True,0.0
2949,MUT,True,0.0
2950,MUT,True,0.0
2951,MUT,False,
2952,MUT,False,
2953,MUT,False,
2954,MUT,True,18.0
2955,MUT,True,4.0
2956,MUT,True,0.0
2957,MUT,False,
2958,MUT,False,
2959,MUT,True,2.0
2960,MUT,True,0.0
2961,MUT,False,
2962,MUT,True,0.0
2963,MUT,False,
2964,MUT,False,
2965,MUT,False,
2966,MUT,False,
2967,MUT,False,
2968,MUT,False,
2969,MUT,True,0.0
2970,MUT,False,
2971,MUT,False,
2972,MUT,False,
2973,MUT,False,
2974,MUT,True,0.0
2975,MUT,False,
2976,MUT,False,
2977,MUT,False,
2978,MUT,False,
2979,MUT,False,
2980,MUT,False,
2981,MUT,True,0.0
2982,MUT,False,
2983,MUT,False,
2984,MUT,False,
2985,MUT,False,
2986,MUT,False,
2987,MUT,True,2.0
2988,MUT,False,
2989,MUT,False,
2990,MUT,True,4.0
2991,MUT,True,1.0
2992,MUT,False,
2993,MUT,False,
2994,MUT,False,
2995,MUT,True,0.0
2996,MUT,True,0.0
2997,MUT,True,0.0
2998,MUT,True,2.0
2999,MUT,False,
3000,MUT,False,
3001,MUT,False,
3002,MUT,False,
3003,MUT,True,2.0
3004,MUT,False,
3005,MUT,False,
3006,MUT,False,
3007,MUT,True,8.0
3008,MUT,False,
3009,MUT,False,
3010,MUT,True,0.0
3011,MUT,False,
3012,MUT,True,0.0
3013,MUT,False,
3014,MUT,True,0.0
3015,MUT,True,2.0
3016,MUT,True,5.0
3017,MUT,False,
3018,MUT,False,
3019,MUT,True,2.0
3020,MUT,False,
3021,MUT,True,0.0
3022,MUT,False,
3023,MUT,False,
3024,MUT,False,
3025,MUT,False,
3026,MUT,True,1.0
3027,MUT,True,6.0
3028,MUT,False,
3029,MUT,False,
3030,MUT,False,
3031,MUT,True,2.0
3032,MUT,False,
3033,MUT,False,
3034,MUT,False,
3035,MUT,False,
3036,MUT,False,
3037,MUT,False,
3038,MUT,False,
3039,MUT,False,
3040,MUT,False,
3041,MUT,False,
3042,MUT,False,
3043,MUT,False,
3044,MUT,False,
3045,MUT,False,
3046,MUT,False,
3047,MUT,True,2.0
3048,MUT,True,4.0
3049,MUT,False,
3050,MUT,True,0.0
3051,MUT,False,
3052,MUT,False,
3053,MUT,False,
3054,MUT,False,
3055,MUT,False,
3056,MUT,False,
3057,MUT,True,1.0
3058,MUT,False,
3059,MUT,True,2.0
3060,MUT,True,0.0
3061,MUT,False,
3062,MUT,True,0.0
3063,MUT,False,
3064,MUT,False,
3065,MUT,True,0.0
3066,MUT,True,0.0
3067,MUT,False,
3068,MUT,True,0.0
3069,MUT,True,5.0
3070,MUT,True,1.0
3071,MUT,True,0.0
3072,MUT,False,
3073,MUT,False,
3074,MUT,True,2.0
3075,MUT,True,1.0
3076,MUT,False,
3077,MUT,False,
3078,MUT,False,
3079,MUT,True,0.0
3080,MUT,False,
3081,MUT,True,0.0
3082,MUT,False,
3083,MUT,False,
3084,MUT,False,
3085,MUT,True,1.0
3086,MUT,True,0.0
3087,MUT,True,12.0
3088,MUT,True,1.0
3089,MUT,False,
3090,MUT,True,2.0
3091,MUT,True,1.0
3092,MUT,True,0.0
3093,MUT,False,
3094,MUT,False,
3095,MUT,True,3.0
3096,MUT,False,
3097,MUT,False,
3098,MUT,False,
3099,MUT,True,1.0
3100,MUT,True,3.0
3101,MUT,True,2.0
3102,MUT,True,0.0
3103,MUT,False,
3104,MUT,False,
3105,MUT,False,
3106,MUT,False,
3107,MUT,True,6.0
3108,MUT,True,0.0
3109,MUT,True,5.0
3110,MUT,False,
3111,MUT,False,
3112,MUT,False,
3113,MUT,False,
3114,MUT,False,
3115,MUT,False,
3116,MUT,False,
3117,MUT,False,
3118,MUT,False,
3119,MUT,True,0.0
3120,MUT,False,
3121,MUT,True,0.0
3122,MUT,False,
3123,MUT,False,
3124,MUT,False,
3125,MUT,False,
3126,MUT,False,
3127,MUT,False,
3128,MUT,True,2.0
3129,MUT,False,
3130,MUT,False,
3131,MUT,False,
3132,MUT,False,
3133,MUT,False,
3134,MUT,True,19.0
3135,MUT,False,
3136,MUT,False,
3137,MUT,True,3.0
3138,MUT,False,
3139,MUT,True,4.0
3140,MUT,False,
3141,MUT,False,
3142,MUT,False,
3143,MUT,False,
3144,MUT,False,
3145,MUT,False,
3146,MUT,False,
3147,MUT,True,0.0
3148,MUT,False,
3149,MUT,True,2.0
3150,MUT,True,2.0
3151,MUT,False,
3152,MUT,False,
3153,MUT,True,1.0
3154,MUT,False,
3155,MUT,False,
3156,MUT,True,16.0
3157,MUT,False,
3158,MUT,False,
3159,MUT,True,1.0
3160,MUT,True,0.0
3161,MUT,False,
3162,MUT,False,
3163,MUT,False,
3164,MUT,True,0.0
3165,MUT,False,
3166,MUT,False,
3167,MUT,False,
3168,MUT,False,
3169,MUT,False,
3170,MUT,False,
3171,MUT,False,
3172,MUT,False,
3173,MUT,False,
3174,MUT,True,0.0
3175,MUT,False,
3176,MUT,True,3.0
3177,MUT,False,
3178,MUT,False,
3179,MUT,False,
3180,MUT,False,
3181,MUT,False,
3182,MUT,False,
3183,MUT,False,
3184,MUT,True,1.0
3185,MUT,False,
3186,MUT,False,
3187,MUT,False,
3188,MUT,False,
3189,MUT,False,
3190,MUT,False,
3191,MUT,True,0.0
3192,MUT,True,1.0
3193,MUT,True,6.0
3194,MUT,False,
3195,MUT,False,
3196,MUT,False,
3197,MUT,False,
3198,MUT,True,24.0
3199,MUT,False,
3200,MUT,True,2.0
3201,MUT,True,0.0
3202,MUT,False,
3203,MUT,False,
3204,MUT,True,0.0
3205,MUT,True,1.0
3206,MUT,False,
3207,MUT,True,7.0
3208,MUT,False,
3209,MUT,True,0.0
3210,MUT,False,
3211,MUT,True,3.0
3212,MUT,False,
3213,MUT,False,
3214,MUT,False,
3215,MUT,True,1.0
3216,MUT,False,
3217,MUT,False,
3218,MUT,True,0.0
3219,MUT,False,
3220,MUT,False,
3221,MUT,False,
3222,MUT,False,
3223,MUT,False,
3224,MUT,False,
3225,MUT,False,
3226,MUT,False,
3227,MUT,True,1.0
3228,MUT,False,
3229,MUT,False,
3230,MUT,False,
3231,MUT,False,
3232,MUT,False,
3233,MUT,True,4.0
3234,MUT,False,
3235,MUT,False,
3236,MUT,False,
3237,MUT,False,
3238,MUT,False,
3239,MUT,False,
3240,MUT,False,
3241,MUT,False,
3242,MUT,False,
3243,MUT,False,
3244,MUT,False,
3245,MUT,True,12.0
3246,MUT,False,
3247,MUT,False,
3248,MUT,True,6.0
3249,MUT,True,51.0
3250,MUT,False,
3251,MUT,False,
3252,MUT,False,
3253,MUT,False,
3254,MUT,False,
3255,MUT,False,
3256,MUT,False,
3257,MUT,False,
3258,MUT,False,
3259,MUT,False,
3260,MUT,False,
3261,MUT,False,
3262,MUT,False,
3263,MUT,False,
3264,MUT,False,
3265,MUT,False,
3266,MUT,False,
3267,MUT,False,
3268,MUT,False,
3269,MUT,True,0.0
3270,MUT,False,
3271,MUT,True,10.0
3272,MUT,False,
3273,MUT,False,
3274,MUT,False,
3275,MUT,False,
3276,MUT,False,
3277,MUT,True,0.0
3278,MUT,False,
3279,MUT,False,
3280,MUT,False,
3281,MUT,False,
3282,MUT,False,
3283,MUT,False,
3284,MUT,False,
3285,MUT,False,
3286,MUT,True,1.0
3287,MUT,False,
3288,MUT,False,
3289,MUT,False,
3290,MUT,False,
3291,MUT,False,
3292,MUT,False,
3293,MUT,False,
3294,MUT,False,
3295,MUT,False,
3296,MUT,True,0.0
3297,MUT,False,
3298,MUT,False,
3299,MUT,False,
3300,MUT,False,
3301,MUT,True,18.0
3302,MUT,False,
3303,MUT,False,
3304,MUT,False,
3305,MUT,False,
3306,MUT,False,
3307,MUT,False,
3308,MUT,False,
3309,MUT,False,
3310,MUT,False,
3311,MUT,False,
3312,MUT,False,
3313,MUT,True,2.0
3314,MUT,True,0.0
3315,MUT,True,1.0
3316,MUT,False,
3317,MUT,False,
3318,MUT,False,
3319,MUT,False,
3320,MUT,False,
3321,MUT,False,
3322,MUT,False,
3323,MUT,False,
3324,MUT,False,
3325,MUT,True,1.0
3326,MUT,False,
3327,MUT,True,0.0
3328,MUT,False,
3329,MUT,False,
3330,MUT,False,
3331,MUT,False,
3332,MUT,False,
3333,MUT,False,
3334,MUT,False,
3335,MUT,False,
3336,MUT,False,
3337,MUT,True,2.0
3338,MUT,False,
3339,MUT,False,
3340,MUT,False,
3341,MUT,True,1.0
3342,MUT,False,
3343,MUT,False,
3344,MUT,False,
3345,MUT,True,0.0
3346,MUT,False,
3347,MUT,False,
3348,MUT,False,
3349,MUT,True,0.0
3350,MUT,True,2.0
3351,MUT,True,0.0
3352,MUT,False,
3353,MUT,False,
3354,MUT,False,
3355,MUT,True,0.0
3356,MUT,False,
3357,MUT,True,0.0
3358,MUT,True,3.0
3359,MUT,False,
3360,MUT,False,
3361,MUT,False,
3362,MUT,False,
3363,MUT,False,
3364,MUT,False,
3365,MUT,False,
3366,MUT,False,
3367,MUT,True,1.0
3368,MUT,False,
3369,MUT,True,0.0
3370,MUT,False,
3371,MUT,False,
3372,MUT,False,
3373,MUT,False,
3374,MUT,False,
3375,MUT,False,
3376,MUT,False,
3377,MUT,False,
3378,MUT,False,
3379,MUT,True,4.0
3380,MUT,False,
3381,MUT,False,
3382,MUT,False,
3383,MUT,False,
3384,MUT,False,
3385,MUT,False,
3386,MUT,False,
3387,MUT,False,
3388,MUT,True,3.0
3389,MUT,False,
3390,MUT,False,
3391,MUT,True,2.0
3392,MUT,False,
3393,MUT,True,1.0
3394,MUT,False,
3395,MUT,True,2.0
3396,MUT,False,
3397,MUT,False,
3398,MUT,False,
3399,MUT,False,
3400,MUT,False,
3401,MUT,False,
3402,MUT,False,
3403,MUT,False,
3404,MUT,False,
3405,MUT,False,
3406,MUT,True,1.0
3407,MUT,False,
3408,MUT,False,
3409,MUT,True,0.0
3410,MUT,False,
3411,MUT,True,13.0
3412,MUT,False,
3413,MUT,True,2.0
3414,MUT,False,
3415,MUT,True,2.0
3416,MUT,False,
3417,MUT,False,
3418,MUT,False,
3419,MUT,False,
3420,MUT,False,
3421,MUT,False,
3422,MUT,True,0.0
3423,MUT,False,
3424,MUT,False,
3425,MUT,False,
3426,MUT,False,
3427,MUT,True,0.0
3428,MUT,False,
3429,MUT,False,
3430,MUT,False,
3431,MUT,False,
3432,MUT,False,
3433,MUT,False,
3434,MUT,False,
3435,MUT,False,
3436,MUT,False,
3437,MUT,False,
3438,MUT,False,
3439,MUT,False,
3440,MUT,True,0.0
3441,MUT,True,3.0
3442,MUT,True,1.0
3443,MUT,True,0.0
3444,MUT,False,
3445,MUT,False,
3446,MUT,True,2.0
3447,MUT,False,
3448,MUT,True,0.0
3449,MUT,False,
3450,MUT,False,
3451,MUT,False,
3452,MUT,False,
3453,MUT,False,
3454,MUT,True,6.0
3455,MUT,False,
3456,MUT,False,
3457,MUT,True,2.0
3458,MUT,False,
3459,MUT,True,0.0
3460,MUT,False,
3461,MUT,False,
3462,MUT,False,
3463,MUT,True,3.0
3464,MUT,False,
3465,MUT,True,6.0
3466,MUT,True,0.0
3467,MUT,False,
3468,MUT,False,
3469,MUT,False,
3470,MUT,False,
3471,MUT,False,
3472,MUT,False,
3473,MUT,True,1.0
3474,MUT,False,
3475,MUT,False,
3476,MUT,True,5.0
3477,MUT,True,1.0
3478,MUT,False,
3479,MUT,False,
3480,MUT,True,0.0
3481,MUT,False,
3482,MUT,False,
3483,MUT,False,
3484,MUT,True,0.0
3485,MUT,False,
3486,MUT,False,
3487,MUT,False,
3488,MUT,False,
3489,MUT,False,
3490,MUT,True,5.0
3491,MUT,False,
3492,MUT,False,
3493,MUT,True,0.0
3494,MUT,False,
3495,MUT,False,
3496,MUT,True,0.0
3497,MUT,False,
3498,MUT,False,
3499,MUT,True,8.0
3500,MUT,False,
3501,MUT,True,0.0
3502,MUT,True,1.0
3503,MUT,False,
3504,MUT,False,
3505,MUT,False,
3506,MUT,False,
3507,MUT,False,
3508,MUT,False,
3509,MUT,False,
3510,MUT,False,
3511,MUT,False,
3512,MUT,False,
3513,MUT,True,0.0
3514,MUT,False,
3515,MUT,False,
3516,MUT,True,0.0
3517,MUT,False,
3518,MUT,False,
3519,MUT,True,0.0
3520,MUT,False,
3521,MUT,False,
3522,MUT,False,
3523,MUT,False,
3524,MUT,False,
3525,MUT,False,
3526,MUT,False,
3527,MUT,False,
3528,MUT,False,
3529,MUT,False,
3530,MUT,True,1.0
3531,MUT,True,0.0
3532,MUT,True,5.0
3533,MUT,False,
3534,MUT,False,
3535,MUT,False,
3536,MUT,False,
3537,MUT,False,
3538,MUT,True,0.0
3539,MUT,True,3.0
3540,MUT,True,0.0
3541,MUT,False,
3542,MUT,True,2.0
3543,MUT,False,
3544,MUT,False,
3545,MUT,True,0.0
3546,MUT,True,4.0
3547,MUT,False,
3548,MUT,False,
3549,MUT,True,4.0
3550,MUT,True,2.0
3551,MUT,False,
3552,MUT,True,1.0
3553,MUT,False,
3554,MUT,False,
3555,MUT,False,
3556,MUT,False,
3557,MUT,False,
3558,MUT,False,
3559,MUT,False,
3560,MUT,False,
3561,MUT,False,
3562,MUT,True,1.0
3563,MUT,False,
3564,MUT,False,
3565,MUT,False,
3566,MUT,False,
3567,MUT,False,
3568,MUT,True,0.0
3569,MUT,False,
3570,MUT,False,
3571,MUT,False,
3572,MUT,True,0.0
3573,MUT,True,0.0
3574,MUT,False,
3575,MUT,True,4.0
3576,MUT,True,0.0
3577,MUT,False,
3578,MUT,True,0.0
3579,MUT,False,
3580,MUT,False,
3581,MUT,False,
3582,MUT,False,
3583,MUT,False,
3584,MUT,True,1.0
3585,MUT,True,22.0
3586,MUT,False,
3587,MUT,False,
3588,MUT,False,
3589,MUT,True,3.0
3590,MUT,False,
3591,MUT,False,
3592,MUT,False,
3593,MUT,False,
3594,MUT,True,2.0
3595,MUT,False,
3596,MUT,True,2.0
3597,MUT,False,
3598,MUT,False,
3599,MUT,True,3.0
3600,MUT,False,
3601,MUT,False,
3602,MUT,False,
3603,MUT,True,4.0
3604,MUT,False,
3605,MUT,False,
3606,MUT,True,2.0
3607,MUT,True,0.0
3608,MUT,True,2.0
3609,MUT,False,
3610,MUT,False,
3611,MUT,True,2.0
3612,MUT,False,
3613,MUT,True,0.0
3614,MUT,True,0.0
3615,MUT,False,
3616,MUT,False,
3617,MUT,False,
3618,MUT,False,
3619,MUT,False,
3620,MUT,False,
3621,MUT,False,
3622,MUT,False,
3623,MUT,True,4.0
3624,MUT,False,
3625,MUT,True,2.0
3626,MUT,False,
3627,MUT,False,
3628,MUT,False,
3629,MUT,False,
3630,MUT,False,
3631,MUT,False,
3632,MUT,False,
3633,MUT,False,
3634,MUT,False,
3635,MUT,True,5.0
3636,MUT,True,0.0
3637,MUT,False,
3638,MUT,False,
3639,MUT,False,
3640,MUT,False,
3641,MUT,False,
3642,MUT,False,
3643,MUT,False,
3644,MUT,False,
3645,MUT,False,
3646,MUT,False,
3647,MUT,False,
3648,MUT,True,2.0
3649,MUT,False,
3650,MUT,True,5.0
3651,MUT,False,
3652,MUT,False,
3653,MUT,False,
3654,MUT,True,0.0
3655,MUT,True,0.0
3656,MUT,False,
3657,MUT,False,
3658,MUT,False,
3659,MUT,False,
3660,MUT,True,4.0
3661,MUT,False,
3662,MUT,False,
3663,MUT,False,
3664,MUT,True,0.0
3665,MUT,False,
3666,MUT,False,
3667,MUT,False,
3668,MUT,False,
3669,MUT,False,
3670,MUT,True,0.0
3671,MUT,False,
3672,MUT,False,
3673,MUT,False,
3674,MUT,False,
3675,MUT,False,
3676,MUT,False,
3677,MUT,False,
3678,MUT,True,0.0
3679,MUT,True,3.0
3680,MUT,False,
3681,MUT,True,6.0
3682,MUT,False,
3683,MUT,False,
3684,MUT,False,
3685,MUT,True,8.0
3686,MUT,True,1.0
3687,MUT,False,
3688,MUT,True,4.0
3689,MUT,False,
3690,MUT,False,
3691,MUT,False,
3692,MUT,False,
3693,MUT,False,
3694,MUT,False,
3695,MUT,False,
3696,MUT,False,
3697,MUT,True,1.0
3698,MUT,False,
3699,MUT,False,
3700,MUT,False,
3701,MUT,True,0.0
3702,MUT,False,
3703,MUT,False,
3704,MUT,False,
3705,MUT,False,
3706,MUT,False,
3707,MUT,False,
3708,MUT,True,2.0
3709,MUT,False,
3710,MUT,True,1.0
3711,MUT,False,
3712,MUT,False,
3713,MUT,False,
3714,MUT,False,
3715,MUT,False,
3716,MUT,False,
3717,MUT,False,
3718,MUT,False,
3719,MUT,True,0.0
3720,MUT,True,0.0
3721,MUT,False,
3722,MUT,True,0.0
3723,MUT,True,2.0
3724,MUT,False,
3725,MUT,True,4.0
3726,MUT,True,2.0
3727,MUT,True,2.0
3728,MUT,True,0.0
3729,MUT,False,
3730,MUT,False,
3731,MUT,False,
3732,MUT,False,
3733,MUT,False,
3734,MUT,True,1.0
3735,MUT,True,0.0
3736,MUT,True,5.0
3737,MUT,True,0.0
3738,MUT,False,
3739,MUT,True,0.0
3740,MUT,False,
3741,MUT,True,1.0
3742,MUT,True,2.0
3743,MUT,False,
3744,MUT,False,
3745,MUT,False,
3746,MUT,False,
3747,MUT,True,0.0
3748,MUT,False,
3749,MUT,True,2.0
3750,MUT,True,2.0
3751,MUT,True,17.0
3752,MUT,False,
3753,MUT,False,
3754,MUT,True,11.0
3755,MUT,True,6.0
3756,MUT,True,0.0
3757,MUT,False,
3758,MUT,False,
3759,MUT,False,
3760,MUT,False,
3761,MUT,True,13.0
3762,MUT,False,
3763,MUT,False,
3764,MUT,False,
3765,MUT,False,
3766,MUT,True,0.0
3767,MUT,False,
3768,MUT,False,
3769,MUT,True,0.0
3770,MUT,True,13.0
3771,MUT,False,
3772,MUT,True,2.0
3773,MUT,False,
3774,MUT,True,1.0
3775,MUT,False,
3776,MUT,False,
3777,MUT,True,0.0
3778,MUT,True,8.0
3779,MUT,False,
3780,MUT,False,
3781,MUT,True,0.0
3782,MUT,True,2.0
3783,MUT,False,
3784,MUT,False,
3785,MUT,False,
3786,MUT,False,
3787,MUT,False,
3788,MUT,False,
3789,MUT,False,
3790,MUT,False,
3791,MUT,False,
3792,MUT,False,
3793,MUT,False,
3794,MUT,True,0.0
3795,MUT,False,
3796,MUT,True,0.0
3797,MUT,False,
3798,MUT,False,
3799,MUT,False,
3800,MUT,False,
3801,MUT,False,
3802,MUT,False,
3803,MUT,False,
3804,MUT,True,0.0
3805,MUT,False,
3806,MUT,True,1.0
3807,MUT,False,
3808,MUT,True,0.0
3809,MUT,False,
3810,MUT,True,1.0
3811,MUT,False,
3812,MUT,True,1.0
3813,MUT,False,
3814,MUT,False,
3815,MUT,False,
3816,MUT,False,
3817,MUT,False,
3818,MUT,False,
3819,MUT,False,
3820,MUT,False,
3821,MUT,False,
3822,MUT,False,
3823,MUT,False,
3824,MUT,False,
3825,MUT,True,5.0
3826,MUT,False,
3827,MUT,False,
3828,MUT,False,
3829,MUT,True,1.0
3830,MUT,True,0.0
3831,MUT,False,
3832,MUT,False,
3833,MUT,True,1.0
3834,MUT,True,2.0
3835,MUT,False,
3836,MUT,False,
3837,MUT,True,7.0
3838,MUT,True,8.0
3839,MUT,True,3.0
3840,MUT,True,1.0
3841,MUT,True,0.0
3842,MUT,False,
3843,MUT,False,
3844,MUT,True,2.0
3845,MUT,False,
3846,MUT,False,
3847,MUT,False,
3848,MUT,False,
3849,MUT,False,
3850,MUT,False,
3851,MUT,False,
3852,MUT,False,
3853,MUT,False,
3854,MUT,False,
3855,MUT,False,
3856,MUT,False,
3857,MUT,False,
3858,MUT,True,0.0
3859,MUT,False,
3860,MUT,False,
3861,MUT,False,
3862,MUT,False,
3863,MUT,False,
3864,MUT,False,
3865,MUT,False,
3866,MUT,False,
3867,MUT,False,
3868,MUT,True,4.0
3869,MUT,True,10.0
3870,MUT,False,
3871,MUT,True,0.0
3872,MUT,False,
3873,MUT,True,0.0
3874,MUT,False,
3875,MUT,False,
3876,MUT,True,0.0
3877,MUT,True,0.0
3878,MUT,True,6.0
3879,MUT,True,9.0
3880,MUT,False,
3881,MUT,False,
3882,MUT,True,2.0
3883,MUT,True,8.0
3884,MUT,False,
3885,MUT,False,
3886,MUT,False,
3887,MUT,True,12.0
3888,MUT,True,0.0
3889,MUT,True,0.0
3890,MUT,False,
3891,MUT,False,
3892,MUT,True,0.0
3893,MUT,False,
3894,MUT,False,
3895,MUT,False,
3896,MUT,False,
3897,MUT,False,
3898,MUT,False,
3899,MUT,True,13.0
3900,MUT,False,
3901,MUT,False,
3902,MUT,False,
3903,MUT,True,0.0
3904,MUT,False,
3905,MUT,True,1.0
3906,MUT,False,
3907,MUT,True,2.0
3908,MUT,True,0.0
3909,MUT,False,
3910,MUT,False,
3911,MUT,False,
3912,MUT,False,
3913,MUT,False,
3914,MUT,False,
3915,MUT,True,1.0
3916,MUT,False,
3917,MUT,False,
3918,MUT,False,
3919,MUT,False,
3920,MUT,False,
3921,MUT,True,1.0
3922,MUT,False,
3923,MUT,False,
3924,MUT,False,
3925,MUT,False,
3926,MUT,False,
3927,MUT,False,
3928,MUT,False,
3929,MUT,True,0.0
3930,MUT,True,4.0
3931,MUT,False,
3932,MUT,False,
3933,MUT,False,
3934,MUT,False,
3935,MUT,False,
3936,MUT,False,
3937,MUT,True,4.0
3938,MUT,False,
3939,MUT,False,
3940,MUT,False,
3941,MUT,True,5.0
3942,MUT,False,
3943,MUT,False,
3944,MUT,True,0.0
3945,MUT,False,
3946,MUT,False,
3947,MUT,False,
3948,MUT,False,
3949,MUT,False,
3950,MUT,False,
3951,MUT,False,
3952,MUT,False,
3953,MUT,False,
3954,MUT,False,
3955,MUT,False,
3956,MUT,True,12.0
3957,MUT,False,
3958,MUT,False,
3959,MUT,False,
3960,MUT,True,0.0
3961,MUT,False,
3962,MUT,False,
3963,MUT,False,
3964,MUT,False,
3965,MUT,True,1.0
3966,MUT,False,
3967,MUT,False,
3968,MUT,False,
3969,MUT,True,0.0
3970,MUT,False,
3971,MUT,False,
3972,MUT,True,0.0
3973,MUT,False,
3974,MUT,False,
3975,MUT,False,
3976,MUT,True,2.0
3977,MUT,False,
3978,MUT,False,
3979,MUT,False,
3980,MUT,False,
3981,MUT,False,
3982,MUT,False,
3983,MUT,False,
3984,MUT,False,
3985,MUT,True,5.0
3986,MUT,True,0.0
3987,MUT,False,
3988,MUT,False,
3989,MUT,False,
3990,MUT,False,
3991,MUT,True,1.0
3992,MUT,True,4.0
3993,MUT,True,3.0
3994,MUT,True,4.0
3995,MUT,False,
3996,MUT,False,
3997,MUT,False,
3998,MUT,False,
3999,MUT,False,
4000,MUT,False,
4001,MUT,True,3.0
4002,MUT,False,
4003,MUT,False,
4004,MUT,False,
4005,MUT,False,
4006,MUT,False,
4007,MUT,False,
4008,MUT,False,
4009,MUT,False,
4010,MUT,False,
4011,MUT,False,
4012,MUT,True,0.0
4013,MUT,True,2.0
4014,MUT,False,
4015,MUT,False,
4016,MUT,False,
4017,MUT,False,
4018,MUT,False,
4019,MUT,False,
4020,MUT,False,
4021,MUT,False,
4022,MUT,False,
4023,MUT,False,
4024,MUT,False,
4025,MUT,False,
4026,MUT,False,
4027,MUT,False,
4028,MUT,False,
4029,MUT,False,
4030,MUT,False,
4031,MUT,False,
4032,MUT,True,2.0
4033,MUT,False,
4034,MUT,False,
4035,MUT,True,1.0
4036,MUT,False,
4037,MUT,True,2.0
4038,MUT,True,0.0
4039,MUT,False,
4040,MUT,False,
4041,MUT,False,
4042,MUT,True,1.0
4043,MUT,False,
4044,MUT,False,
4045,MUT,True,5.0
4046,MUT,False,
4047,MUT,False,
4048,MUT,False,
4049,MUT,True,0.0
4050,MUT,True,0.0
4051,MUT,False,
4052,MUT,False,
4053,MUT,False,
4054,MUT,False,
4055,MUT,True,0.0
4056,MUT,False,
4057,MUT,False,
4058,MUT,True,0.0
4059,MUT,False,
4060,MUT,True,2.0
4061,MUT,True,3.0
4062,MUT,True,2.0
4063,MUT,False,
4064,MUT,False,
4065,MUT,True,1.0
4066,MUT,False,
4067,MUT,False,
4068,MUT,False,
4069,MUT,True,2.0
4070,MUT,True,13.0
4071,MUT,False,
4072,MUT,True,0.0
4073,MUT,False,
4074,MUT,False,
4075,MUT,True,0.0
4076,MUT,False,
4077,MUT,False,
4078,MUT,False,
4079,MUT,False,
4080,MUT,False,
4081,MUT,True,3.0
4082,MUT,False,
4083,MUT,False,
4084,MUT,False,
4085,MUT,False,
4086,MUT,False,
4087,MUT,False,
4088,MUT,False,
4089,MUT,False,
4090,MUT,True,0.0
4091,MUT,True,2.0
4092,MUT,False,
4093,MUT,False,
4094,MUT,True,9.0
4095,MUT,False,
4096,MUT,False,
4097,MUT,True,1.0
4098,MUT,False,
4099,MUT,True,0.0
4100,MUT,False,
4101,MUT,True,0.0
4102,MUT,False,
4103,MUT,False,
4104,MUT,False,
4105,MUT,True,1.0
4106,MUT,False,
4107,MUT,True,0.0
4108,MUT,False,
4109,MUT,False,
4110,MUT,False,
4111,MUT,True,0.0
4112,MUT,False,
4113,MUT,True,9.0
4114,MUT,True,0.0
4115,MUT,False,
4116,MUT,False,
4117,MUT,False,
4118,MUT,False,
4119,MUT,False,
4120,MUT,False,
4121,MUT,True,2.0
4122,MUT,False,
4123,MUT,False,
4124,MUT,True,2.0
4125,MUT,False,
4126,MUT,False,
4127,MUT,True,2.0
4128,MUT,False,
4129,MUT,False,
4130,MUT,True,0.0
4131,MUT,True,7.0
4132,MUT,True,0.0
4133,MUT,False,
4134,MUT,True,4.0
4135,MUT,False,
4136,MUT,False,
4137,MUT,False,
4138,MUT,False,
4139,MUT,False,
4140,MUT,True,0.0
4141,MUT,False,
4142,MUT,False,
4143,MUT,False,
4144,MUT,False,
4145,MUT,False,
4146,MUT,False,
4147,MUT,False,
4148,MUT,True,14.0
4149,MUT,True,11.0
4150,MUT,False,
4151,MUT,False,
4152,MUT,False,
4153,MUT,False,
4154,MUT,False,
4155,MUT,False,
4156,MUT,False,
4157,MUT,True,0.0
4158,MUT,False,
4159,MUT,False,
4160,MUT,True,0.0
4161,MUT,True,0.0
4162,MUT,False,
4163,MUT,True,1.0
4164,MUT,True,4.0
4165,MUT,True,0.0
4166,MUT,False,
4167,MUT,True,7.0
4168,MUT,False,
4169,MUT,True,4.0
4170,MUT,True,2.0
4171,MUT,False,
4172,MUT,False,
4173,MUT,False,
4174,MUT,False,
4175,MUT,False,
4176,MUT,False,
4177,MUT,False,
4178,MUT,False,
4179,MUT,False,
4180,MUT,False,
4181,MUT,False,
4182,MUT,False,
4183,MUT,True,0.0
4184,MUT,False,
4185,MUT,False,
4186,MUT,True,1.0
4187,MUT,True,0.0
4188,MUT,False,
4189,MUT,False,
4190,MUT,False,
4191,MUT,True,0.0
4192,MUT,False,
4193,MUT,False,
4194,MUT,False,
4195,MUT,False,
4196,MUT,False,
4197,MUT,False,
4198,MUT,False,
4199,MUT,False,
4200,MUT,False,
4201,MUT,False,
4202,MUT,False,
4203,MUT,False,
4204,MUT,False,
4205,MUT,True,1.0
4206,MUT,False,
4207,MUT,True,4.0
4208,MUT,False,
4209,MUT,True,1.0
4210,MUT,False,
4211,MUT,False,
4212,MUT,False,
4213,MUT,False,
4214,MUT,False,
4215,MUT,False,
4216,MUT,False,
4217,MUT,False,
4218,MUT,False,
4219,MUT,False,
4220,MUT,True,0.0
4221,MUT,False,
4222,MUT,True,2.0
4223,MUT,False,
4224,MUT,False,
4225,MUT,False,
4226,MUT,False,
4227,MUT,False,
4228,MUT,False,
4229,MUT,False,
4230,MUT,False,
4231,MUT,False,
4232,MUT,True,7.0
4233,MUT,True,0.0
4234,MUT,True,6.0
4235,MUT,False,
4236,MUT,False,
4237,MUT,False,
4238,MUT,False,
4239,MUT,False,
4240,MUT,True,1.0
4241,MUT,False,
4242,MUT,True,2.0
4243,MUT,False,
4244,MUT,False,
4245,MUT,False,
4246,MUT,False,
4247,MUT,False,
4248,MUT,True,1.0
4249,MUT,False,
4250,MUT,True,3.0
4251,MUT,False,
4252,MUT,False,
4253,MUT,False,
4254,MUT,False,
4255,MUT,False,
4256,MUT,False,
4257,MUT,False,
4258,MUT,False,
4259,MUT,False,
4260,MUT,False,
4261,MUT,False,
4262,MUT,False,
