state_scheme,Genotype,state,stationary_probability
speed_state,MUT,fast,0.6465289861502465
speed_state,MUT,medium,0.2602470029750587
speed_state,MUT,slow,0.09322401087469483
speed_state,WT,fast,0.5887155095351699
speed_state,WT,medium,0.2926213263025319
speed_state,WT,slow,0.1186631641622981
direction_state,MUT,persistent,0.2
direction_state,MUT,reversing,0.2
direction_state,MUT,start,0.2
direction_state,MUT,stationary,0.2
direction_state,MUT,turning,0.2
direction_state,WT,persistent,0.2
direction_state,WT,reversing,0.2
direction_state,WT,start,0.2
direction_state,WT,stationary,0.2
direction_state,WT,turning,0.2
area_state,MUT,large,0.3025413704207046
area_state,MUT,medium,0.33691823089763767
area_state,MUT,small,0.3605403986816576
area_state,WT,large,0.3059093593737422
area_state,WT,medium,0.3578650635458184
area_state,WT,small,0.33622557708043943
